ID	Number	Name	TeReo	Area_1	TeReo_1	Area_2	TeReo_2	Area_3	TeReo_3	Region	RegionID	GazetteerDistrict	Part	PartID	Island	IslandID	Iwi_1	IwiID_1	Iwi_2	IwiID_2	Iwi_3	IwiID_3	Iwi_4	IwiID_4	Iwi_Semi	IwiID_Semi	GooglePlaceIDSmall_1	GooglePlaceIDLarge_1	GooglePlaceIDSmall_2	GooglePlaceIDLarge_2	GooglePlaceName	Boundary	Map	MapID	MapAreaShape_1	MapAreaCoords_1	MapAreaShape_2	MapAreaCoords_2	Speaker_1	SpeakerID_1	SpeakerBrackets_1	SpeakerLocation_1	Speaker_2	SpeakerID_2	SpeakerLocation_2	Speaker_3	SpeakerID_3	Speaker_4	SpeakerID_4	FeaturedName_1	FeaturedName_2	FeaturedName_3	FeaturedName_4	FeaturedName_5	FeaturedName_6	FeaturedName_7	FeaturedName_8	Notes	Wikipedia_1	Wikipedia_2	Wikipedia_3	Length
zo_1	1	Wellington	Te Whanganui-a-Tara	Wellington	Te Whanganui-a-Tara					Wellington	re_1	Wellington	Lower North Island	pa_1	North Island	is_1	Te Āti Awa	iw_81										ChIJy3TpSfyxOG0RcLQTomPvAAo			Wellington		Lower North Island	ma_1	circle	267,768,10			Kara Puketapu	sp_51										Hātaitai	Kaiwharawhara	Kārori	Ngāūranga						https://en.wikipedia.org/wiki/Wellington			172
zo_2	2	Lower Hutt Valley	Awakairangi	Lower Hutt Valley	Awakairangi					Wellington	re_1	Wellington	Lower North Island	pa_1	North Island	is_1	Te Āti Awa	iw_81									ChIJ-winbklWR20RINuiQ2HvAAU				Lower Hutt		Lower North Island	ma_1	circle	292,757,15			Kara Puketapu	sp_51																			https://en.wikipedia.org/wiki/Lower_Hutt			108
zo_3	3	Upper Hutt Valley	Whakatiki	Upper Hutt Valley	Whakatiki					Wellington	re_1	Wellington	Lower North Island	pa_1	North Island	is_1	Te Āti Awa	iw_81									ChIJ7QnJ1pqxQG0RIZmjQ2HvAAU	ChIJoXyo73exQG0R5LdOMogvQAg			Upper Hutt		Lower North Island	ma_1	circle	301,727,15			Kara Puketapu	sp_51																			https://en.wikipedia.org/wiki/Upper_Hutt			56
zo_4	4	Porirua Harbour	Porirua	Porirua Harbour	Porirua					Wellington	re_1	Wellington	Lower North Island	pa_1	North Island	is_1	Ngāti Toa Rangatira	iw_56									ChIJjzUPKJxWP20RFJmiQ2HvAAU	ChIJKTY06LKpQG0R4xaI9V9yg9w			Porirua		Lower North Island	ma_1	circle	269,740,17			Tarawara (Wara) Katene	sp_107										Pāuatahānui	Te Rauparaha								https://en.wikipedia.org/wiki/Porirua			135
zo_5	5	Kāpiti Coast	Kāpiti	Kāpiti Coast	Kāpiti					Wellington	re_1	Wellington	Lower North Island	pa_1	North Island	is_1	Te Āti Awa	iw_81	Ngāti Toa Rangatira	iw_56	Ngāti Raukawa	iw_45						ChIJN8q_BraUQG0RAKyiQ2HvAAQ			Kapiti Coast District		Lower North Island	ma_1	poly	283,682,322,691,317,712,299,711,286,736,284,730,272,724,260,697,265,681			Te Aputa ki Wairua Parata Kauri	sp_113										Kāpiti	Paekākāriki	Paraparāumu							https://en.wikipedia.org/wiki/Kapiti_Coast_District			103
zo_6	6	Ōtaki	Ōtaki		Ōtaki					Manawatū	re_2	Wellington	Lower North Island	pa_1	North Island	is_1	Ngāti Raukawa	iw_45									ChIJiRyM5FmSQG0RcPGiQ2HvAAU	ChIJxSlQKkrpQG0RlFkQ41UQcAk			Otaki		Lower North Island	ma_1	poly	287,651,327,655,321,689,282,682			Matenga Baker	sp_68																			https://en.wikipedia.org/wiki/Otaki,_New_Zealand			97
zo_7	7	Levin	Horowhenua	Levin	Horowhenua					Manawatū	re_2	Wellington	Lower North Island	pa_1	North Island	is_1	Muaupoko	iw_4									ChIJTX2WfGLzQG0R0NmiQ2HvAAU	ChIJvaoei6_0QG0RUjAe1Vush00			Levin		Lower North Island	ma_1	poly	283,637,328,640,327,654,286,650			Tamihana Tukapua	sp_106																			https://en.wikipedia.org/wiki/Levin,_New_Zealand			52
zo_8	8	Foxton	Te Awahou	Foxton	Te Awahou					Manawatū	re_2	Wellington	Lower North Island	pa_1	North Island	is_1	Ngāti Raukawa	iw_45									ChIJf01EOY5eQG0RkMSiQ2HvAAU	ChIJkbmlblFcQG0RjqBk-M_qjVE			Foxton		Lower North Island	ma_1	poly	272,604,302,605,327,624,328,640,287,637			Ngarongo Iwikatea (Iwi) Nicholson	sp_79																			https://en.wikipedia.org/wiki/Foxton,_New_Zealand			121
zo_9	9	Palmerston North	Te Papa-i-Oea	Palmerston North	Te Papa-i-Oea					Manawatū	re_2	Wellington	Lower North Island	pa_1	North Island	is_1	Rangitāne (Tāne-nui-ā-Rangi)	iw_74									ChIJg0SjvZ-tQW0RFZmiQ2HvAAU	ChIJIwEfl-tRQG0RKogF4vBEhAk			Palmerston North		Lower North Island	ma_1	poly	320,528,343,562,330,622,302,605			Matawha (Pompey) Durie	sp_67			Eileen Ngahere	sp_12														By whakapapa, the best person to say these names would have been a descendent of Chief Te Awe Awe, and a daughter of his was insistant that it should be so, but none of his children spoke the language. (In fact Te Awe Awe had lived a double life, going by an English name and playing in a jazz band.) Eventually she relented, and Matawhā "Pompey" Durie, father of Judge Eddie and Dr Mason Durie, said them, and he was amply qualified to do so.	https://en.wikipedia.org/wiki/Palmerston_North			91
zo_10	10	Feilding	Aorangi	Feilding	Aorangi					Rangitikeī	re_3	Wellington	Lower North Island	pa_1	North Island	is_1	Ngāti Raukawa	iw_45	Ngāti Aorangi	iw_9	Ngāti Kauwhata	iw_22					ChIJRebZWno1QG0RMMOiQ2HvAAU	ChIJfXQcR1zMQW0R4W_BEn06NxY			Feilding		Lower North Island	ma_1	poly	294,547,319,559,302,605,270,601			Matawha (Pompey) Durie	sp_67																			https://en.wikipedia.org/wiki/Feilding			49
zo_11	11	Bulls		Bulls						Rangitikeī	re_3	Wellington	Lower North Island	pa_1	North Island	is_1	Parewahawaha	iw_71									ChIJZx7tWPQ4QG0RQLmiQ2HvAAU	ChIJR8E-S5U_QG0RRtRH3jJngg0			Bulls, Manawatu-Wanganui		Lower North Island	ma_1	poly	290,543,287,569,254,606,272,561			Eileen Ngahere	sp_12																			https://en.wikipedia.org/wiki/Bulls,_New_Zealand			40
zo_12	12	Hunterville/Kimbolton		Hunterville		Kimbolton				Rangitikeī	re_3	Wellington	Lower North Island	pa_1	North Island	is_1	Ngāti Raukawa	iw_45	Rangitāne (Tāne-nui-ā-Rangi)	iw_74	Ngāti Hauiti	iw_14	Ngāti Tūwharetoa	iw_50			ChIJjWljYn-Bam0R0M6iQ2HvAAU	ChIJf1RD3eWAam0RnBQ1gn_GUn0	ChIJK0kGS23aQW0RgNWiQ2HvAAU		Hunterville		Lower North Island	ma_1	poly	290,543,291,493,303,484,327,451,348,453,358,523,345,561			George Kereama	sp_16																			https://en.wikipedia.org/wiki/Hunterville	https://en.wikipedia.org/wiki/Kimbolton,_New_Zealand		189
zo_13	13	Taihape	Taihape		Taihape					Rangitikeī	re_3	Wellington	Lower North Island	pa_1	North Island	is_1	Ngāti Tūwharetoa	iw_50	Ngāti Whititama	iw_66							ChIJ7wrYfi5kam0RgAejQ2HvAAU	ChIJwVsbfyddam0R7DvL2qLIj3I			Taihape		Lower North Island	ma_1	poly	253,419,294,399,327,450,297,488,299,468,276,421,252,431			Apotoro Paoro Hekenui	sp_82																			https://en.wikipedia.org/wiki/Taihape			118
zo_14	14	Waiōuru/Raetihi	Waiōuru/Raetihi		Waiōuru		Raetihi			Rangitikeī	re_3	Wellington	Lower North Island	pa_1	North Island	is_1	Ngāti Rangiteauira	iw_40	Ngāti Rangituhia	iw_42	Ngāti Uenuku	iw_58					ChIJoXWW6ihgam0RgLKiQ2HvAAU		ChIJ16va7cDDam0RMPyiQ2HvAAU		Waiouru		Lower North Island	ma_1	poly	221,448,277,420,291,449,238,472			Pauro Mareikura	sp_83																		Mr Mareikura was very frail when I recorded him, and died soon after. I went to the aftermath of his tangi, and secured the permission of his family to use the recording nonetheless.	https://en.wikipedia.org/wiki/Waiouru	https://en.wikipedia.org/wiki/Raetihi		173
zo_15	15	Ahimanawa	Ahimanawa		Ahimanawa					Rangitikeī	re_3	Wellington	Lower North Island	pa_1	North Island	is_1	Ngāti Tūwharetoa	iw_50													Ahimanawa		Lower North Island	ma_1	poly	314,309,359,325,339,387,348,453,327,449,293,396,302,355,317,347			Rangikamutua Downs	sp_91																			https://en.wikipedia.org/wiki/Ahimanawa_Range			80
zo_16	16	Tūrangi/South Taupō	Tūrangi/Taupō ki te Tonga		Tūrangi	South Taupō	Taupō ki te Tonga			Taupō	re_4	South Auckland	Lower North Island	pa_1	North Island	is_1	Ngāti Tūwharetoa	iw_50									ChIJL_ZBSA-Wa20RsBCjQ2HvAAU		ChIJw4V2-wS_a20RStC8agP7C6M		Taupo		Lower North Island	ma_1	poly	259,311,314,312,313,347,294,374,291,396,253,418,246,363			Rangikamutua Downs	sp_91										Ngauruhoe	Ruapehu	Te Heu Heu	Tongariro					Before I recorded any Taupō names, I consulted Sir Hepi Te Heu Heu, who took me to morning tea in Taumarunui. He very modestly declined to speak, but recommended those who did, each of whom was excellent.	https://en.wikipedia.org/wiki/Turangi	https://en.wikipedia.org/wiki/Taupo		249
zo_17	17	North Taupō/Atiamuri	Taupō ki te Raki/Atiamuri	North Taupō	Taupō ki te Raki		Atiamuri			Taupō	re_4	South Auckland	Lower North Island	pa_1	North Island	is_1	Ngāti Tūwharetoa	iw_50											ChIJ7zI-IwoabG0RsLOiQ2HvAAU	ChIJazM8Z_INbG0RorREaEfWlsI	Taupo		Lower North Island	ma_1	poly	259,311,231,251,327,257,315,311			Te Aonui (Taxi) Kapua	sp_112			Rangikamutua Downs	sp_91		Derek Asher	sp_10			Taupō-nui-ā-Tia	Tauranga Taupō	Waikato	Wairākei						https://en.wikipedia.org/wiki/Taupo	https://en.wikipedia.org/wiki/Atiamuri		144
zo_18	18	West Taupō	Taupō ki te Hauāuru	West Taupō	Taupō ki te Hauāuru					Taupō	re_4	South Auckland	Lower North Island	pa_1	North Island	is_1	Ngāti Tūwharetoa	iw_50													Taupo		Lower North Island	ma_1	poly	259,311,238,363,202,309,225,246			Robert Keepa	sp_98																			https://en.wikipedia.org/wiki/Taupo			102
zo_19	19	Marton	Tutaenui	Marton	Tutaenui					Whanganui	re_5	Wellington	Lower North Island	pa_1	North Island	is_1	Ngāti Apa	iw_10									ChIJJ_6IrWOBam0RAOGiQ2HvAAU	ChIJLXpVLkQlQG0RxNSspZyWpHw			Marton		Lower North Island	ma_1	poly	239,558,255,535,260,500,289,492,290,538,259,585			Waiharakeke (Wai) Waitere	sp_133			Te Rino Tirikatene	sp_120														I have often played this track to illustrate the beauty of the Māori language and its placenames. 	https://en.wikipedia.org/wiki/Marton,_New_Zealand			93
zo_20	20	Whanganui	Whanganui		Whanganui					Whanganui	re_5	Wellington	Lower North Island	pa_1	North Island	is_1	Te Āti Hau	iw_82									ChIJxRXzarcDQG0RABijQ2HvAAU	ChIJlStqJYClam0Ro4m0itojnrY			Wanganui		Lower North Island	ma_1	poly	221,496,240,472,287,455,295,489,259,498,254,535,235,563,219,554			Nepia Nikorima	sp_78										Wʰanganui								Within seconds of receiving the David Toft grant to begin recording Ngā Ingoa ō Aotearoa in January 1984, someone (Pākehā) was dogmatically telling me the WH in Whanganui must be pronounced FW, The first printed volume spelt Wanganui without an H as the name of the zone and in parentheses for the city, and this was almost universal until David Young's article "River of great waiting" in NZ Geographic 003, July-September 1989. Elders asked him to spell it with the H, and the game was afoot. It arose again when the official spelling of the river and region was being considered in 2009. (It wss then that I hit on the superscript <sup>h</sup> as a way of cutting the Gordian knot.) Currently either spelling is officially acceptable. Attempting to pronounce the H has played havoc with the pronunciation by non-speakers of Māori. The local Māori pronunciation leaves the H almost (but not quite) silent, and the common pronunciation (and hence spelling) with no H at all was a near-approximation. This has become the most contentious (and one of the least important) issues in saying Māori placenames. 	https://en.wikipedia.org/wiki/Whanganui			184
zo_21	21	Jerusalem	Hiruhārama	Jerusalem	Hiruhārama					Whanganui	re_5	Wellington	Lower North Island	pa_1	North Island	is_1	Te Āti Hau	iw_82													Ranana		Lower North Island	ma_1	poly	173,420,253,420,220,494,160,444			Nepia Nikorima	sp_78																			https://en.wikipedia.org/wiki/Jerusalem,_New_Zealand			168
zo_22	22	Taumarunui	Taumarunui		Taumarunui					Whanganui	re_5	Wellington	Lower North Island	pa_1	North Island	is_1	Ngāti Tū	iw_48									ChIJCySntd1Ga20RwAmjQ2HvAAU	ChIJq8-15OA_a20Rgu0e1YBF3z8			Taumarunui		Lower North Island	ma_1	poly	173,420,178,349,215,322,245,363,253,417			Hikaia Amohia	sp_27										Taumarunui								I had very much hoped to record the voice of Titi Tihu for the upper Wʰanganui river. I tracked him down, driving along the centre of the road towards Tawataʰa. Aged in his 90s, he spoke only Māori, and my reo was not up to the task explaining my mission and talking him into speaking. The names were instead spoken by his nephew in something of a hurry, in a room overlooking a busy Taumarunui street (perhaps they aren't usually, but this one was).	https://en.wikipedia.org/wiki/Taumarunui			145
zo_23	23	Ōhura	Ōhura		Ōhura					Whanganui	re_5	Wellington	Lower North Island	pa_1	North Island	is_1	Ngāti Tū	iw_48	Ngāti Maru	iw_33							ChIJDTREL3LFFG0R0O2iQ2HvAAU	ChIJj0IQ7LfKFG0R8DbocHi4KY8			Ohura		Lower North Island	ma_1	poly	173,420,178,321,149,326,138,415			Hikaia Amohia	sp_27																			https://en.wikipedia.org/wiki/Ohura			67
zo_24	24	East Taranaki	Taranaki ki te Rāwhiti	East Taranaki	Taranaki ki te Rāwhiti					Taranaki	re_6	Taranaki	Lower North Island	pa_1	North Island	is_1	Ngāti Maru	iw_33													Stratford District		Lower North Island	ma_1	circle	138,448,20			Hikaia Amohia	sp_27			Ruka Broughton	sp_101														I learnt something about Māori diplomacy in drawing the boundaries of this Zone. Ruka Broughton told me that a handful of names I had given him near the bank of the Whanganui River belonged to Whanganui iwi. I consulted the Whanganui elders and they said no, they belong to Ruka's iwi, Ngā Rauru. When I want back to him, he said "I knew that, but I wanted them to say it." This is the only Zone I can say with confidence corresponds to a rohe-ā-iwi.	https://en.wikipedia.org/wiki/Taranaki			93
zo_25	25	Waverley		Waverley						Taranaki	re_6	Taranaki	Lower North Island	pa_1	North Island	is_1	Ngā Rauru (Kītahi)	iw_6									ChIJsVb2rqxDFW0RsBijQ2HvAAU				Waverley		Lower North Island	ma_1	poly	141,479,169,459,222,500,220,547,157,545,161,500			Ruka Broughton	sp_101			Huirangi Waikerepuru	sp_39														Ruka Broughton (Sr) was ideally qualified to say the names of this region, which closely corresponds to the rohe of his people Ngā Rauru (Kītahi), "Ngā Rauru of the Single Word". Only in the east was there an issue. Some names close to the Wʰanganui river might have belonged to the people of the river. At Ruka's direction, I went back to the Wʰanganui elders and was told, no, they belong to Ngā Rauru. Ruka said "I knew they did, but I wanted them to say it." - a beautiful example of Māori diplomacy, one of many I experienced in my travels.	https://en.wikipedia.org/wiki/Waverley,_Taranaki			252
zo_26	26	Pātea/Hāwera	Pātea/Hāwera		Pātea		Hāwera			Taranaki	re_6	Taranaki	Lower North Island	pa_1	North Island	is_1	Ngāti Ruanui	iw_47									ChIJT1_yZeZlFW0RgPaiQ2HvAAU	ChIJg05NKQJvFW0R0KvFCSc_2AM	ChIJ95PedbN1FW0RwMqiQ2HvAAU		Hawera		Lower North Island	ma_1	poly	98,447,111,464,159,498,155,555,109,534,119,512			Hoani Heremaia	sp_33			Huirangi Waikerepuru	sp_39															https://en.wikipedia.org/wiki/Patea	https://en.wikipedia.org/wiki/Hawera		112
zo_27	27	Manaia	Manaia		Manaia					Taranaki	re_6	Taranaki	Lower North Island	pa_1	North Island	is_1	Ngā Ruahine	iw_7									ChIJCe08G1SYFW0RcN2iQ2HvAAU				Manaia		Lower North Island	ma_1	poly	75,484,91,471,119,515,107,539,63,529			Tom Ngatai	sp_124			Hoani Heremaia	sp_33						Taranaki									https://en.wikipedia.org/wiki/Manaia,_Taranaki			132
zo_28	28	West Taranaki	Taranaki ki te Hauāuru	West Taranaki	Taranaki ki te Hauāuru					Taranaki	re_6	Taranaki	Lower North Island	pa_1	North Island	is_1	Tatanaki (Tai Hau-a-uru)	iw_79													West Taranaki		Lower North Island	ma_1	poly	75,484,63,529,14,490,53,441,84,477			Sonny Waru	sp_103		in Stratford Park								Parihaka									https://en.wikipedia.org/wiki/Taranaki			184
zo_29	29	New Plymouth	Ngāmotu	New Plymouth	Ngāmotu					Taranaki	re_6	Taranaki	Lower North Island	pa_1	North Island	is_1	Te Āti Awa	iw_81									ChIJDc5kI-b5FG0RoOmiQ2HvAAU	ChIJHx8Mm5dMFG0R_g4SWD0Fwjg			New Plymouth		Lower North Island	ma_1	poly	84,477,89,407,118,438,110,463,98,478,91,471			Aila Taylor	sp_1			Huirangi Waikerepuru	sp_39		Sonny Waru	sp_103												https://en.wikipedia.org/wiki/New_Plymouth			155
zo_30	30	Urenui	Urenui		Urenui					Taranaki	re_6	Taranaki	Lower North Island	pa_1	North Island	is_1	Ngāti Mutunga	iw_34									ChIJ8cHa_wzwFG0RgBGjQ2HvAAU				Urenui		Lower North Island	ma_1	poly	89,407,103,398,145,387,134,422,117,436,103,429			Jack Te Kapenga McClutchie	sp_41																			https://en.wikipedia.org/wiki/Urenui			44
zo_31	31	Mt Messenger		Mt Messenger						Taranaki	re_6	Taranaki	Lower North Island	pa_1	North Island	is_1	Ngāti Tama	iw_52									ChIJ7bNtO3zqFG0RUCCjQ2HvAAU				Mt Messenger		Lower North Island	ma_1	poly	103,398,108,353,114,341,145,387			Te Mahinga Peter White	sp_115																						69
zo_32	32	Palliser Bay		Palliser Bay						Wairarapa	re_7	Wellington	Lower North Island	pa_1	North Island	is_1	Ngāti Kahungunu	iw_20													Palliser Bay		Lower North Island	ma_1	poly	318,715,372,710,411,725,377,807,303,792			George Heiti Hawkins	sp_15			Tom Gemmell	sp_123						Wairarapa									https://en.wikipedia.org/wiki/Palliser_Bay			202
zo_33	33	Masterton/Carterton	Te Oreore/Carterton	Masterton	Te Oreore	Carterton				Wairarapa	re_7	Wellington	Lower North Island	pa_1	North Island	is_1	Ngāti Kahungunu	iw_20									ChIJk57H2MI-QW0RFpmiQ2HvAAU	ChIJW_f4ycg5QW0Rz8bWJ3-8jFM	ChIJRRDye6rQQG0RBpmiQ2HvAAU	ChIJLz06QbDQQG0Rb-LGAJpSzzg	Masterton		Lower North Island	ma_1	poly	318,715,329,644,427,687,412,726,327,711			Tom Gemmell	sp_123										Tīnui									https://en.wikipedia.org/wiki/Masterton	https://en.wikipedia.org/wiki/Carterton,_New_Zealand		131
zo_34	34	Eketāhuna/Castlepoint	Eketāhuna/Rangiwhakaoma		Eketāhuna	Castlepoint	Rangiwhakaoma			Wairarapa	re_7	Wellington	Lower North Island	pa_1	North Island	is_1	Ngāti Kahungunu	iw_20									ChIJ8-4SsjkEQW0RcMGiQ2HvAAU	ChIJa0HZ2mQLQW0ROYC7eFdsUdQ	ChIJn4YFGJ1gQW0R8LqiQ2HvAAU		Eketahuna		Lower North Island	ma_1	poly	329,644,332,621,447,622,436,690			Tom Gemmell	sp_123										Eketāhuna									https://en.wikipedia.org/wiki/Eketahuna	https://en.wikipedia.org/wiki/Castlepoint		77
zo_35	35	Pongaroa	Pongaroa		Pongaroa					Wairarapa	re_7	Wellington	Lower North Island	pa_1	North Island	is_1	Ngāti Kahungunu	iw_20									ChIJ9yN_GWHVQ20RAPmiQ2HvAAU	ChIJG8kkSRTVQ20RScbzLzf6Byw			Pongaroa		Lower North Island	ma_1	circle	410,597,27			Dan Pomana	sp_9																			https://en.wikipedia.org/wiki/Pongaroa			52
zo_36	36	Pahiatua	Pahiatua		Pahiatua					Wairarapa	re_7	Wellington	Lower North Island	pa_1	North Island	is_1	Rangitāne (Tāne-nui-ā-Rangi)	iw_74	Ngāti Kahungunu	iw_20							ChIJGdjEW7uhQW0RYCGjQ2HvAAU	ChIJgZ6xJxmiQW0RyDXp_clDwuo			Pahiatua		Lower North Island	ma_1	circle	362,596,27			Arapera Mikaera Rangimauriora Nitenetara (Governor)	sp_3																			https://en.wikipedia.org/wiki/Pahiatua			91
zo_37	37	Woodville/Dannevirke	Woodville/Taniwaka	Woodville		Dannevirke	Taniwaka			Hawkes Bay	re_8	Hawke's Bay	Lower North Island	pa_1	North Island	is_1	Rangitāne (Tāne-nui-ā-Rangi)	iw_74	Ngāti Kahungunu	iw_20							ChIJ0yGmiESXQW0RUB2jQ2HvAAU	ChIJN-rZdQeWQW0R-MUUQNs3OSc	ChIJSYNJczztQW0R8L6iQ2HvAAU	ChIJAcmutmcgQm0RGBGFJjx0Qpc	Woodville		Lower North Island	ma_1	poly	452,584,344,567,358,512,407,507,426,531,472,537			Manahi Paewai	sp_66																			https://en.wikipedia.org/wiki/Woodville,_New_Zealand	https://en.wikipedia.org/wiki/Dannevirke		242
zo_38	38	Pōrangahau	Pōrangahau		Pōrangahau					Hawkes Bay	re_8	Hawke's Bay	Lower North Island	pa_1	North Island	is_1	Ngāti Kahungunu	iw_20									ChIJO_yngflAQm0RUPmiQ2HvAAU	ChIJZzHTJig_Qm0RArqBZ-D0sFQ			Porangahau		Lower North Island	ma_1	circle	442,507,25			Henare Petua	sp_25			Wi Huata	sp_135						Taumata-whakatangihanga-koauauōtamatea-turipūkakapikimaunga-horonukupōkaiwhenua-kitānatahu									https://en.wikipedia.org/wiki/Porangahau			67
zo_39	39	Waipukurau	Waipukurau		Waipukurau					Hawkes Bay	re_8	Hawke's Bay	Lower North Island	pa_1	North Island	is_1	Ngāti Kahungunu	iw_20									ChIJHxnPB78MQm0RgBWjQ2HvAAU	ChIJC2L9hK0SQm0Rv46ESVP7K5g			Waipukurau		Lower North Island	ma_1	poly	358,512,350,470,467,450,466,479,431,486,404,507			Ru Kotua	sp_100										Waipukurau									https://en.wikipedia.org/wiki/Waipukurau			164
zo_40	40	Hastings	Heretaunga	Hastings	Heretaunga					Hawkes Bay	re_8	Hawke's Bay	Lower North Island	pa_1	North Island	is_1	Ngāti Kahungunu	iw_20									ChIJ64pTakhRaG0RGJmiQ2HvAAU	ChIJI3vVpVHsaW0RS9wFBORdkd8			Hastings		Lower North Island	ma_1	poly	351,470,348,427,359,423,389,432,438,386,463,406,463,453			Te Matua-o-te-Rangi (Boy) Tomoana	sp_117		in Heretaunga																	https://en.wikipedia.org/wiki/Hastings,_New_Zealand			123
zo_41	41	Napier	Ahuriri	Napier	Ahuriri					Hawkes Bay	re_8	Hawke's Bay	Lower North Island	pa_1	North Island	is_1	Ngāti Kahungunu	iw_20									ChIJmcqxT9bJaW0RUOiiQ2HvAAU	ChIJY-z07IEIaW0RqmyGD3ANN3o			Napier		Lower North Island	ma_1	poly	348,427,359,423,389,432,438,386,436,314,416,304,376,328,360,325,344,374			Te Otane Reti	sp_119			Te Matua-o-te-Rangi (Boy) Tomoana	sp_117		Wi Huata	sp_135												https://en.wikipedia.org/wiki/Napier,_New_Zealand			218
zo_42	42	Wairoa	Wairoa		Wairoa					Hawkes Bay	re_8	Hawke's Bay	Lower North Island	pa_1	North Island	is_1	Ngāti Kahungunu	iw_20									ChIJSwe1Oq-xaG0R4BWjQ2HvAAU	ChIJozOWtqG4aG0R_UUqDzC0vqk			Wairoa		Lower North Island	ma_1	poly	436,314,416,304,376,328,360,325,386,283,424,282,437,253,512,242,511,257,497,286			Lena Manuel	sp_57			Te Otane Reti	sp_119		Wi Huata	sp_135												https://en.wikipedia.org/wiki/Wairoa			190
zo_43	43	Māhia	Māhia		Māhia					Hawkes Bay	re_8	Hawke's Bay	Lower North Island	pa_1	North Island	is_1	Ngāti Kahungunu	iw_20	Rongomaiwahine	iw_75							ChIJbVhMMQ9qZm0RENyiQ2HvAAU				Mahia		Lower North Island	ma_1	poly	497,287,501,286,512,257,538,286,525,317			John Tangiora	sp_49																			https://en.wikipedia.org/wiki/Mahia_Peninsula			106
zo_44	44	Young Nick's Head	Te Kuri o Pāoa	Young Nick's Head	Te Kuri o Pāoa					East Coast	re_9	Gisborne	Lower North Island	pa_1	North Island	is_1	Rongowhakāta	iw_76													Young Nick's Head		Lower North Island	ma_1	poly	448,252,484,201,498,219,513,227,510,242			Te Ohomauri (Jos) Stewart	sp_118																			https://en.wikipedia.org/wiki/Young_Nick's_Head			118
zo_45	45	Te Karaka	Te Karaka		Te Karaka					East Coast	re_9	Gisborne	Lower North Island	pa_1	North Island	is_1	Te Aitanga ā Māhaki	iw_83									ChIJAQIqSEfvZW0RYAujQ2HvAAU				Te Karaka		Lower North Island	ma_1	poly	464,230,437,216,413,221,400,193,431,168,451,135,472,146,481,168,506,170,450,310			Tokorua Te Kani	sp_121										Te Karaka									https://en.wikipedia.org/wiki/Te_Karaka			144
zo_46	46	Gisborne	Tūranga-nui-a-Kiwa	Gisborne	Tūranga-nui-a-Kiwa					East Coast	re_9	Gisborne	Lower North Island	pa_1	North Island	is_1	Ngāti Kanohi	iw_21									ChIJl6ywQZzAZW0RB5miQ2HvAAU				Gisborne		Lower North Island	ma_1	poly	485,199,506,181,511,226			Tokorua Te Kani	sp_121																			https://en.wikipedia.org/wiki/Gisborne,_New_Zealand			69
zo_47	47	Kaiti/Whangara	Kaiti/Whangara		Kaiti		Whangara			East Coast	re_9	Gisborne	Lower North Island	pa_1	North Island	is_1	Ngāti Porou	iw_37													Kaiti		Lower North Island	ma_1	poly	507,171,546,158,522,217,503,210			Tokorua Te Kani	sp_121																			https://en.wikipedia.org/wiki/Kaiti,_New_Zealand	https://en.wikipedia.org/wiki/Whangara		111
zo_48	48	Tolaga Bay	Te Uawa o Ruamatua	Tolaga Bay	Te Uawa o Ruamatua					East Coast	re_9	Gisborne	Lower North Island	pa_1	North Island	is_1	Ngāti Porou	iw_37									ChIJl69hhXM3ZG0RkA-jQ2HvAAU	ChIJVzpCYT-1ZW0RcaAhk7LAaeo			Tolaga Bay		Lower North Island	ma_1	poly	507,171,538,161,532,127,473,147,482,169,497,167			Apirana Tuahae Mahuika	sp_2																			https://en.wikipedia.org/wiki/Tolaga_Bay			120
zo_49	49	Tokomaru Bay		Tokomaru Bay						East Coast	re_9	Gisborne	Lower North Island	pa_1	North Island	is_1	Ngāti Porou	iw_37									ChIJ0SF4gHuyZW0RYA-jQ2HvAAU	ChIJzR9rb5utZW0R4HV99rCGzL4			Tokomaru Bay		Lower North Island	ma_1	poly	532,127,473,147,450,132,459,96,482,100,529,77			Apirana Tuahae Mahuika	sp_2																			https://en.wikipedia.org/wiki/Tokomaru_Bay			157
zo_50	50	East Cape		East Cape						East Coast	re_9	Gisborne	Lower North Island	pa_1	North Island	is_1	Ngāti Porou	iw_37									ChIJYVcnAcaUZG0RwOuiQ2HvAAU				East Cape		Lower North Island	ma_1	poly	459,96,482,100,529,77,525,9,452,31,471,52,469,74			Apirana Tuahae Mahuika	sp_2																			https://en.wikipedia.org/wiki/East_Cape			314
zo_51	51	Te Kaha/Cape Runaway			Te Kaha	Cape Runaway				Eastern Bay of Plenty	re_10	Gisborne	Upper North Island	pa_2	North Island	is_1	Te Whānau ā Apanui	iw_89									ChIJr1r5xsJtZW0RUAujQ2HvAAU		ChIJDQ7O2BsjZW0RsOmiQ2HvAAU		Te Kaha		Lower North Island	ma_1	poly	400,115,448,134,476,57,432,14			Hemi Waenga	sp_24																			https://en.wikipedia.org/wiki/Te_Kaha	https://en.wikipedia.org/wiki/Cape_Runaway		240
zo_52	52	Tōrere	Tōrere		Tōrere					Eastern Bay of Plenty	re_10	Gisborne	Upper North Island	pa_2	North Island	is_1	Ngai Tai	iw_68									ChIJY5m8m4t_b20RABCjQ2HvAAU				Torere		Lower North Island	ma_1	poly	449,132,436,158,367,103			Wiremu Kere Kere	sp_136																			https://en.wikipedia.org/wiki/Torere_River			52
zo_53	53	Ōpōtiki	Ōpōtiki		Ōpōtiki					Eastern Bay of Plenty	re_10	Gisborne	Upper North Island	pa_2	North Island	is_1	Whakatōhea	iw_92									ChIJL1sjwJOBZW0RCZmiQ2HvAAU	ChIJL1sjwJOBZW0RoKyiQ2HvAAQ			Opotiki		Lower North Island	ma_1	poly	436,158,367,103,352,50,352,118,400,193			Tairongo Amoamo	sp_105			Hemi Waenga	sp_24															https://en.wikipedia.org/wiki/Opotiki			148
zo_54	54	Waimana	Waimana		Waimana					Eastern Bay of Plenty	re_10	Gisborne	Upper North Island	pa_2	North Island	is_1	Ngai Tūhoe	iw_67									ChIJeXfB-QkQb20RsBOjQ2HvAAU	ChIJ2b_7cMgWb20Rbwb7KypsW4M			Waimana		Lower North Island	ma_1	poly	362,168,378,158,411,220,393,232,386,228			Rex Hiakita	sp_97																			https://en.wikipedia.org/wiki/Waimana_River			90
zo_55	55	Ruātoki	Ruātoki		Ruātoki					Eastern Bay of Plenty	re_10	Gisborne	Upper North Island	pa_2	North Island	is_1	Ngai Tūhoe	iw_67									ChIJNVRAQLAbb20REOmiQ2HvAAU				Ruatoki		Lower North Island	ma_1	poly	363,168,350,166,342,193,355,225,381,215			John Rangihau	sp_48			Tawhao Tioke	sp_110						Ruātoki									https://en.wikipedia.org/wiki/Ruatoki			115
zo_56	56	Ruatāhuna	Ruatāhuna		Ruatāhuna					Eastern Bay of Plenty	re_10	Gisborne	Upper North Island	pa_2	North Island	is_1	Ngai Tūhoe	iw_67									ChIJBwcU7ekqb20RAOmiQ2HvAAU				Ruatahuna		Lower North Island	ma_1	poly	355,225,381,215,411,220,436,217,462,232,449,253,432,258,404,251,383,263,384,284,376,298,367,279,368,257			John Rangihau	sp_48										Ruatāhuna									https://en.wikipedia.org/wiki/Ruatahuna			131
zo_57	57	Waikaremoana	Waikaremoana		Waikaremoana					Eastern Bay of Plenty	re_10	Gisborne	Upper North Island	pa_2	North Island	is_1	Ngai Tūhoe	iw_67													Waikaremoana		Lower North Island	ma_1	circle	405,270,30			John Rangihau	sp_48																			https://en.wikipedia.org/wiki/Lake_Waikaremoana			124
zo_58	58	Murupara	Murupara		Murupara					Eastern Bay of Plenty	re_10	Gisborne	Upper North Island	pa_2	North Island	is_1	Ngāti Manawa	iw_31	Ngāti Whare	iw_65							ChIJs5TOqZvPbm0RAOiiQ2HvAAU	ChIJ_3W4DZHVbm0RWd2l3ymUHvE			Murupara		Lower North Island	ma_1	poly	359,329,313,311,325,273,326,209,331,197,345,191,370,258,379,297			John Henry Bird, QSO	sp_47		in Apa-hapai-taketake	Hirini Moko Mead	sp_30														About 30 seconds into this track, at Kiorenui, a fly goes around the microphones. People listening on headphones often try to swat it away.	https://en.wikipedia.org/wiki/Murupara			137
zo_59	59	Edgecumbe/Whakatāne		Edgecumbe			Whakatāne			Eastern Bay of Plenty	re_10	Gisborne	Upper North Island	pa_2	North Island	is_1	Ngāti Awa	iw_12									ChIJNV6it6T4bm0RAMGiQ2HvAAU		ChIJdwngI04Ab20RYBqjQ2HvAAU	ChIJ1fHLiXv7bm0R5tK9bqIi7ic	Whakatane District		Lower North Island	ma_1	poly	352,50,352,118,375,159,311,216,315,149			Euera Manuera	sp_13			Hirini Moko Mead	sp_30						Kawerau	Ohope	Whakatāne							https://en.wikipedia.org/wiki/Edgecumbe	https://en.wikipedia.org/wiki/Whakatane		185
zo_60	60	Matatā	Matatā		Matatā					Western Bay of Plenty	re_11	South Auckland	Upper North Island	pa_2	North Island	is_1	Ngāti Rangitihi	iw_41									ChIJhRqJ_ARfbm0REOKiQ2HvAAU				Matata		Central North Island	ma_2	poly	625,346,655,359,632,425,620,396,620,373			Rawakata Perenara	sp_96																			https://en.wikipedia.org/wiki/Matata			44
zo_61	61	Waitahanui	Waitahanui		Waitahanui					Western Bay of Plenty	re_11	South Auckland	Upper North Island	pa_2	North Island	is_1	Ngāti Pikiao	iw_36									ChIJB1q4ksbva20R8BWjQ2HvAAU				Waitahanui		Central North Island	ma_2	poly	625,346,620,373,579,357,593,333			Koro Tawa	sp_55																			https://en.wikipedia.org/wiki/Waitahanui_River			40
zo_62	62	Rotoiti North	Rotoiti ki te Raki	Rotoiti North	Rotoiti ki te Raki					Western Bay of Plenty	re_11	South Auckland	Upper North Island	pa_2	North Island	is_1	Ngāti Pikiao	iw_36													Rotoiti		Central North Island	ma_2	poly	551,392,568,374,584,361,620,373,624,407,596,414,592,406,585,402,585,392	poly	96,257,195,259,195,285,138,280,131,299,110,310,86,286	Te Mata Morehu	sp_116																			https://en.wikipedia.org/wiki/Lake_Rotoiti_(Bay_of_Plenty)			75
zo_63	63	Rotoiti South/Ōkataina	Rotoiti ki te Tonga/Ōkataina	Rotoiti South	Rotoiti ki te Tonga		Ōkataina			Western Bay of Plenty	re_11	South Auckland	Upper North Island	pa_2	North Island	is_1	Ngāti Pikiao	iw_36	Ngāti Tarāwhai	iw_54											Rotoiti		Central North Island	ma_2	circle	589,410,7	poly	195,285,195,311,183,325,163,362,129,358,137,323,131,299,138,280	Joe Malcolm	sp_45		in Tarawhai	Hiko Hohepa	sp_28															https://en.wikipedia.org/wiki/Lake_Rotoiti_(Bay_of_Plenty)	https://en.wikipedia.org/wiki/Lake_Okataina		122
zo_64	64	Tikitere/Te Ngae	Tikitere/Te Ngae		Tikitere		Te Ngae			Western Bay of Plenty	re_11	South Auckland	Upper North Island	pa_2	North Island	is_1	Ngāti Uenuku-Kopako	iw_59	Ngāti Rangi-te-Aorere	iw_38							ChIJ41_HWqaEbm0R0OaiQ2HvAAU				Tikitere		Central North Island	ma_2	circle	114,315,28			Tukutahi Galvin	sp_127																			https://en.wikipedia.org/wiki/Tikitere			45
zo_65	65	Tarawera	Tarawera		Tarawera					Western Bay of Plenty	re_11	South Auckland	Upper North Island	pa_2	North Island	is_1	Tūhourangi	iw_77									ChIJMdLp-ocWaW0RYCejQ2HvAAU				Tarawera		Central North Island	ma_2	poly	585,415,636,404,622,453,585,438	poly	195,311,195,406,135,408,32,424,49,398,53,407,73,407,85,398,89,390,84,382,103,365,110,343,131,332,129,358,163,362	Autiti Wikiriwhi	sp_4		in Wahiao																	https://en.wikipedia.org/wiki/Tarawera			59
zo_66	66	Reporoa	Reporoa		Reporoa					Western Bay of Plenty	re_11	South Auckland	Upper North Island	pa_2	North Island	is_1	Tūhourangi	iw_77	Ngāti Kea	iw_23							ChIJgS99OGmvbm0R8P6iQ2HvAAU	ChIJZ61Vh62sbm0RKQ-W7jsa0p0			Reporoa		Central North Island	ma_2	poly	622,453,585,438,585,454,533,454,488,485,595,538,632,455	poly	195,406,135,409,51,424,37,439,195,439	Kepa Tanirau	sp_54																			https://en.wikipedia.org/wiki/Reporoa_Caldera			78
zo_67	67	Horohoro	Horohoro		Horohoro					Western Bay of Plenty	re_11	South Auckland	Upper North Island	pa_2	North Island	is_1	Ngāti Kea	iw_23	Ngāti Kahungunu	iw_20	Ngāti Tuara	iw_57					ChIJRToqCQsibG0RIM6iQ2HvAAU				Horohoro		Central North Island	ma_2	poly	482,462,494,440,527,446,527,454,533,454,496,480	poly	10,429,51,424,37,439,10,439	Hepora (Sybil) Young	sp_26																			https://en.wikipedia.org/wiki/Horohoro,_New_Zealand			32
zo_68	68	Whakarewarewa	Whakarewarewa		Whakarewarewa					Western Bay of Plenty	re_11	South Auckland	Upper North Island	pa_2	North Island	is_1	Tūhourangi	iw_77									ChIJ1QDhGNWebm0RMBqjQ2HvAAU				Whakarewarewa		Central North Island	ma_2	poly	84,382,89,390,85,398,73,407,53,407,49,398,61,386			Autiti Wikiriwhi	sp_4		in Wahiao								Whakarewarewa									https://en.wikipedia.org/wiki/Whakarewarewa			89
zo_69	69	Rotorua	Rotorua		Rotorua					Western Bay of Plenty	re_11	South Auckland	Upper North Island	pa_2	North Island	is_1	Ngāti Whakāue	iw_63									ChIJK7L2gj2Ybm0RMZmjQ2HvAAU				Rotorua		Central North Island	ma_2	circle	52,371,27	poly	58,352,102,338,115,346,78,398	Hiko Hohepa	sp_28			John Rangihau	sp_48						Rotorua									https://en.wikipedia.org/wiki/Rotorua			134
zo_70	70	Mokoia	Mokoia		Mokoia					Western Bay of Plenty	re_11	South Auckland	Upper North Island	pa_2	North Island	is_1	Ngāti Uenuku-Kopako	iw_59	Ngāti Rangi-te-Aorere	iw_38	Ngāti Whakāue	iw_63					ChIJqYzMOCVxFW0RkCOjQ2HvAAU				Mokoia		Central North Island	ma_2	circle	72,325,20			Tukutahi Galvin	sp_127																			https://en.wikipedia.org/wiki/Mokoia			29
zo_71	71	Ngongotahā	Ngongotahā		Ngongotahā					Western Bay of Plenty	re_11	South Auckland	Upper North Island	pa_2	North Island	is_1	Ngāti Whakāue	iw_63	Ngāti Rangiwewehi	iw_43							ChIJ23VafWMobG0RMOuiQ2HvAAU				Ngongotaha		Central North Island	ma_2	poly	498,419,527,403,527,446,494,440	poly	10,293,31,296,49,399,31,427,10,429	Mita Mohi	sp_75																			https://en.wikipedia.org/wiki/Ngongotaha			41
zo_72	72	Hamurana	Hamurana		Hamurana					Western Bay of Plenty	re_11	South Auckland	Upper North Island	pa_2	North Island	is_1	Ngāti Rangiwewehi	iw_43									ChIJz7UIMMAvbG0R4MmiQ2HvAAU				Hamurana		Central North Island	ma_2	poly	498,419,527,403,527,392,551,392,584,361,547,346,503,374,498,392	poly	10,259,97,259,86,286,33,294,10,294	Mita Mohi	sp_75																			https://en.wikipedia.org/wiki/Hamurana_Springs			48
zo_73	73	Maketū	Maketū		Maketū					Western Bay of Plenty	re_11	South Auckland	Upper North Island	pa_2	North Island	is_1	Ngāti Pikiao	iw_36	Ngāti Whakāue	iw_63	Tapuika	iw_78					ChIJG-c-ln5lbm0RAN2iQ2HvAAU				Maketu		Central North Island	ma_2	poly	566,351,572,341,571,330,579,314,592,332,579,358			Tomairangi Kameta	sp_125																			https://en.wikipedia.org/wiki/Maketu			55
zo_74	74	Te Puke	Te Puke		Te Puke					Western Bay of Plenty	re_11	South Auckland	Upper North Island	pa_2	North Island	is_1	Ngāti Pikiao	iw_36	Tapuika	iw_78							ChIJvSipJyR5bm0RQAyjQ2HvAAU	ChIJpXGRCeB-bm0RtjI2Yz30hv4			Te Puke		Central North Island	ma_2	poly	566,351,572,341,571,330,579,314,565,311,547,344			Wiremu Kepa (Sasu) Wihapi	sp_139																			https://en.wikipedia.org/wiki/Te_Puke			92
zo_75	75	Motiti	Motiti		Motiti					Western Bay of Plenty	re_11	South Auckland	Upper North Island	pa_2	North Island	is_1	Te Patuwai	iw_87													Motiti		Central North Island	ma_2	circle	585,291,25			Eddie Matehaere	sp_11																			https://en.wikipedia.org/wiki/Motiti_Island			39
zo_76	76	Tauranga	Tauranga		Tauranga					Western Bay of Plenty	re_11	South Auckland	Upper North Island	pa_2	North Island	is_1	Ngāti Ranginui	iw_39	Ngai te Rangi	iw_70							ChIJ5WTUe-d2bm0RJpmjQ2HvAAU	ChIJ_byVJSvFbW0RnfrNhRsiGsY			Tauranga		Central North Island	ma_2	poly	564,315,547,344,503,375,488,334,464,301,452,248,482,247,487,260,501,258			Wiremu Ohia	sp_137			Wiremu Kepa (Sasu) Wihapi	sp_139						Tauranga									https://en.wikipedia.org/wiki/Tauranga			156
zo_77	77	Mayor Island	Tuhua	Mayor Island	Tuhua					Western Bay of Plenty	re_11	South Auckland	Upper North Island	pa_2	North Island	is_1	Ngāti Ranginui	iw_39	Ngāti Tūwhao	iw_49											Mayor Island		Central North Island	ma_2	rect	551,202,593,218			Vic Wilson	sp_132																			https://en.wikipedia.org/wiki/Mayor_Island_/_Tuhua			52
zo_78	78	Waihi Beach		Waihi Beach						Western Bay of Plenty	re_11	South Auckland	Upper North Island	pa_2	North Island	is_1	Ngāti Ranginui	iw_39									ChIJvTcus7KSbW0RcBKjQ2HvAAU				Waihi Beach		Central North Island	ma_2	poly	482,247,487,260,501,258,519,254,519,238			Wharengaio (Bill) Pio Tutengaehe	sp_134																			https://en.wikipedia.org/wiki/Waihi_Beach			41
zo_79	79	Waihi	Waihi		Waihi					Coromandel	re_12	South Auckland	Upper North Island	pa_2	North Island	is_1	Ngāti Tamaterā	iw_53									ChIJaSre5wKObW0RkBKjQ2HvAAU				Waihi		Central North Island	ma_2	poly	468,247,468,222,489,213,495,245			Huhurere Tukukino	sp_38																			https://en.wikipedia.org/wiki/Waihi			46
zo_80	80	Whangamatā	Whangamatā		Whangamatā					Coromandel	re_12	South Auckland	Upper North Island	pa_2	North Island	is_1	Ngāti Maru	iw_33									ChIJvXBDrUZ2cm0RsBqjQ2HvAAU	ChIJF7X8LF92cm0RS-0iVC4IqPY			Whangamata		Central North Island	ma_2	poly	467,221,489,213,489,163,469,161,459,155,450,145,454,189,457,198			Huhurere Tukukino	sp_38			Te Aue Davis	sp_114															https://en.wikipedia.org/wiki/Whangamata			61
zo_81	81	Mercury Bay	Te-Whanganui-o-Hei	Mercury Bay	Te-Whanganui-o-Hei					Coromandel	re_12	South Auckland	Upper North Island	pa_2	North Island	is_1	Ngāti Hei	iw_15	Ngāti Whanaunga	iw_64											Mercury Bay		Central North Island	ma_2	poly	489,163,469,161,459,155,450,145,447,90,502,32,502,71			Te Aue Davis	sp_114																			https://en.wikipedia.org/wiki/Mercury_Bay			149
zo_82	82	Kennedy Bay	Harataunga	Kennedy Bay	Harataunga					Coromandel	re_12	South Auckland	Upper North Island	pa_2	North Island	is_1									Ngāti Porou	iw_37	ChIJTTBSLbb5cm0RwNSiQ2HvAAU				Kennedy Bay		Central North Island	ma_2	poly	430,48,437,60,467,48,467,22,441,22			Pakariki Harrison	sp_81																			https://en.wikipedia.org/wiki/Kennedy_Bay			49
zo_83	83	Cape Colville		Cape Colville						Coromandel	re_12	South Auckland	Upper North Island	pa_2	North Island	is_1	Ngāti Whanaunga	iw_64													Colville		Central North Island	ma_2	poly	437,33,430,48,411,55,392,25,409,15			Huhurere Tukukino	sp_38			Tai Turoa	sp_104		Te Aue Davis	sp_114												https://en.wikipedia.org/wiki/Cape_Colville			53
zo_84	84	Coromandel		Coromandel						Coromandel	re_12	South Auckland	Upper North Island	pa_2	North Island	is_1	Ngāti Whanaunga	iw_64									ChIJCbViPKbxcm0R0L2iQ2HvAAU				Coromandel		Central North Island	ma_2	poly	411,55,430,48,437,60,460,50,465,69,447,90,447,125,410,131			Huhurere Tukukino	sp_38																			https://en.wikipedia.org/wiki/Coromandel,_New_Zealand			113
zo_85	85	Thames	Parāwai	Thames						Hauraki	re_13	South Auckland	Upper North Island	pa_2	North Island	is_1	Ngāti Maru	iw_33									ChIJw_NF2MqAcm0RQA2jQ2HvAAU				Hauraki District		Central North Island	ma_2	poly	410,131,447,125,450,145,457,198,426,215,421,208			Huhurere Tukukino	sp_38																			https://en.wikipedia.org/wiki/Thames,_New_Zealand			81
zo_86	86	Paeroa	Paeroa		Paeroa					Hauraki	re_13	South Auckland	Upper North Island	pa_2	North Island	is_1	Ngāti Tamaterā	iw_53									ChIJASRRbr-cbW0RUPOiQ2HvAAU	ChIJeYv9E2OEbW0R9ay7blxO8nQ			Paeroa		Central North Island	ma_2	poly	421,208,452,248,474,247,457,198,426,215			Huhurere Tukukino	sp_38																			https://en.wikipedia.org/wiki/Paeroa			52
zo_87	87	Hauraki Plains		Hauraki Plains						Hauraki	re_13	South Auckland	Upper North Island	pa_2	North Island	is_1	Ngāti Tamaterā	iw_53									ChIJJ_ElQ4E3DW0RgMqiQ2HvAAU				Hauraki Plain		Central North Island	ma_2	poly	421,208,452,248,395,249,371,212,382,205			Huhurere Tukukino	sp_38			Molly Hotene	sp_76															https://en.wikipedia.org/wiki/Hauraki_Plains			50
zo_88	88	Miranda	Pukorokoro	Miranda	Pukorokoro					Hauraki	re_13	South Auckland	Upper North Island	pa_2	North Island	is_1	Ngāti Maru	iw_33	Ngāti Whanaunga	iw_64	Ngāti Pāoa	iw_35					ChIJOZRnZSpgbW0RQNeiQ2HvAAU				Miranda		Central North Island	ma_2	poly	371,212,382,205,383,162,351,167,355,193,358,204			Mere Taka	sp_72																			https://en.wikipedia.org/wiki/Miranda,_New_Zealand			93
zo_89	89	Hūnua	Hūnua		Hūnua					Hauraki	re_13	South Auckland	Upper North Island	pa_2	North Island	is_1	Ngāti Maru	iw_33	Ngāti Whanaunga	iw_64	Ngāti Pāoa	iw_35	Ngāti Tai	iw_51			ChIJDQJ8de-lcm0REM-iQ2HvAAU				Hunua		Central North Island	ma_2	poly	383,162,351,167,347,160,338,155,347,136,535,111,382,122			Turoa Royal	sp_131																			https://en.wikipedia.org/wiki/Hunua			45
zo_90	90	Piopio	Piopio		Piopio					King Country	re_14	South Auckland	Upper North Island	pa_2	North Island	is_1	Ngāti Maniapoto	iw_32	Ngā Paimate	iw_5	Ngāti Wairere	iw_61					ChIJK1sW2ZurbG0R0PeiQ2HvAAU	ChIJ7yURVxBTE20RoAoy1nnBkx8			Piopio		Central North Island	ma_2	poly	222,512,236,427,272,428,315,437,338,472,332,499			Rapata Emery	sp_94			Rapata Crown	sp_93															https://en.wikipedia.org/wiki/Piopio,_New_Zealand			153
zo_91	91	Benneydale		Benneydale						King Country	re_14	South Auckland	Upper North Island	pa_2	North Island	is_1	Ngāti Rora	iw_46									ChIJdxpOvuGCbG0RMLaiQ2HvAAU				Benneydale		Central North Island	ma_2	poly	338,472,332,499,338,520,385,542,427,478,394,436			Rapata Emery	sp_94																			https://en.wikipedia.org/wiki/Benneydale			109
zo_92	92	Te Kuiti	Te Kuiti		Te Kuiti					King Country	re_14	South Auckland	Upper North Island	pa_2	North Island	is_1	Ngāti Maniapoto	iw_32									ChIJGw1mRwK6bG0RsAujQ2HvAAU	ChIJkzeNZ5m8bG0RUu1mlsfSpS4			Te Kuiti		Central North Island	ma_2	poly	384,441,330,420,316,438,338,472			Rapata Emery	sp_94																			https://en.wikipedia.org/wiki/Te_Kuiti			117
zo_93	93	Waitomo	Waitomo		Waitomo					King Country	re_14	South Auckland	Upper North Island	pa_2	North Island	is_1	Ngāti Hikairo	iw_16	Ngāti Kinohaku	iw_24							ChIJA5pCFbK3bG0RsBajQ2HvAAU				Waitomo		Central North Island	ma_2	poly	236,427,272,428,315,437,330,420,332,402,316,396,289,399,246,398			Rapata Emery	sp_94			Rapata Crown	sp_93															https://en.wikipedia.org/wiki/Waitomo_District			90
zo_94	94	Waipa (Otorohanga)	Waipa (Otorohanga)		Waipa					King Country	re_14	South Auckland	Upper North Island	pa_2	North Island	is_1	Ngāti Apakura	iw_11										ChIJpQV58G4ebW0R0K2iQ2HvAAQ	ChIJ52kyTmDAbG0RQPKiQ2HvAAU	ChIJrzZSIYe_bG0R3gOJvEesBY0	Waipa		Central North Island	ma_2	poly	330,420,332,402,316,396,326,382,327,357,372,392,392,414,395,436,383,442			Rapata Emery	sp_94																			https://en.wikipedia.org/wiki/Waipa_District			124
zo_95	95	Kāwhia/South Aotea	Kāwhia/Aotea ki te Tonga		Kāwhia	South Aotea	Aotea ki te Tonga			Waikato	re_15	South Auckland	Upper North Island	pa_2	North Island	is_1	Ngāti Hikairo	iw_16	Ngāti Raukawa	iw_45	Ngāti Māhuta	iw_28									Kawhia		Central North Island	ma_2	poly	254,399,254,383,288,352,327,358,326,384,313,399			Hoani Apiti	sp_32			Rapata Crown	sp_93															https://en.wikipedia.org/wiki/Kawhia_Harbour	https://en.wikipedia.org/wiki/Aotea_Harbour		213
zo_96	96	North Aotea/Raglan/Whatawhata		North Aotea	Aotea ki te Rahi	Raglan			Whatawhata	Waikato	re_15	South Auckland	Upper North Island	pa_2	North Island	is_1	Ngāti Raukawa	iw_45	Ngāti Mananga	iw_30	Taunui Awhiro	iw_80					ChIJbYj2GaEqE20RUPyiQ2HvAAU		ChIJ-WtDH9wlbW0RwBujQ2HvAAU		Raglan		Central North Island	ma_2	poly	328,357,343,308,322,278,297,273,227,358,290,352			Tawhi Kingi	sp_111			Rangi Skinner	sp_92															https://en.wikipedia.org/wiki/Aotea_Harbour	https://en.wikipedia.org/wiki/Raglan,_New_Zealand	https://en.wikipedia.org/wiki/Whatawhata	131
zo_97	97	Mangakino	Mangakino		Mangakino					Waikato	re_15	South Auckland	Upper North Island	pa_2	North Island	is_1	Ngāti Raukawa	iw_45							Ngāti Kahungunu	iw_20	ChIJtyIaeUZ5bG0RwN2iQ2HvAAU	ChIJvxAHDUZ5bG0R4IMuuAV_C6k			Mangakino		Central North Island	ma_2	poly	427,478,394,436,444,414,466,465			Major Meihana	sp_64		in Tamatea Pokai Whenua																	https://en.wikipedia.org/wiki/Mangakino			39
zo_98	98	Tokoroa	Tokoroa		Tokoroa					Waikato	re_15	South Auckland	Upper North Island	pa_2	North Island	is_1	Ngāti Raukawa	iw_45									ChIJSSJFl6RBbG0RgA-jQ2HvAAU	ChIJC_5cAL9qbG0RUK8Rfq5NpXU			Tokoroa		Central North Island	ma_2	poly	444,414,466,465,483,464,504,390			Frazer te Hiko	sp_14																			https://en.wikipedia.org/wiki/Tokoroa			88
zo_99	99	Putaruru	Putaruru		Putaruru					Waikato	re_15	South Auckland	Upper North Island	pa_2	North Island	is_1	Ngāti Tamaterā	iw_53	Ngāti Raukawa	iw_45							ChIJ56GTgC1PbG0RwPuiQ2HvAAU	ChIJJdnTpiJFbG0Rne48ZrJPGJs			Putaruru		Central North Island	ma_2	poly	434,417,433,397,437,386,444,384,447,357,437,354,469,309,492,342,503,373,499,392			Haki Thompson	sp_19																			https://en.wikipedia.org/wiki/Putaruru			204
zo_100	100	Morrinsville		Morrinsville						Waikato	re_15	South Auckland	Upper North Island	pa_2	North Island	is_1	Ngāti Hauā	iw_13									ChIJj88Q1TgIbW0RoOWiQ2HvAAU	ChIJz6HIXJAMbW0Rn102fUaS5Ng			Morrinsville		Central North Island	ma_2	poly	437,354,469,309,452,247,395,250,377,302,395,318,405,343			Punia (Molly) Hotene	sp_87			Haki Thompson	sp_19															https://en.wikipedia.org/wiki/Morrinsville			147
zo_101	101	Maungatautari	Maungatautari		Maungatautari					Waikato	re_15	South Auckland	Upper North Island	pa_2	North Island	is_1	Ngāti Raukawa	iw_45									ChIJeVt9E8f4bG0R8OCiQ2HvAAU				Maungatautari		Central North Island	ma_2	poly	434,417,433,397,437,386,444,384,447,357,437,354,405,343,388,355,385,372,372,392,395,436			Pukerau Rangitutea	sp_86		in the porch of Hoturoa																	https://en.wikipedia.org/wiki/Maungatautari			95
zo_102	102	Te Awamutu	Te Awamutu		Te Awamutu					Waikato	re_15	South Auckland	Upper North Island	pa_2	North Island	is_1	Ngāti Raukawa	iw_45	Ngāti Apakura	iw_11							ChIJqXngaTvnbG0R8AqjQ2HvAAU	ChIJXwi5BzvAbG0R6dHN8mJQYhU			Te Awamutu		Central North Island	ma_2	poly	330,360,333,345,390,357,371,392			Tupa te Pahau (Jim) Turner	sp_128			Peter Keremeta	sp_84															https://en.wikipedia.org/wiki/Te_Awamutu			81
zo_103	103	Hamilton	Kirikiriroa	Hamilton	Kirikiriroa					Waikato	re_15	South Auckland	Upper North Island	pa_2	North Island	is_1	Ngāti Kahukura	iw_19	Ngāti Koroki	iw_26	Ngāti Māhuta	iw_28					ChIJITamh3QibW0RA5miQ2HvAAU	ChIJ6ZS4CTkhbW0RNJzNRanel6s			Hamilton		Central North Island	ma_2	poly	333,345,390,357,405,343,394,316,376,302,344,307			Rangi Skinner	sp_92			Binga Haggie	sp_6															https://en.wikipedia.org/wiki/Hamilton,_New_Zealand			101
zo_104	104	Ngāruawāhia	Ngāruawāhia		Ngāruawāhia					Waikato	re_15	South Auckland	Upper North Island	pa_2	North Island	is_1	Ngāti Koroki	iw_26									ChIJ29WJlI86bW0RwOqiQ2HvAAU				Ngaruawahia		Central North Island	ma_2	poly	344,307,376,302,395,249,333,289			Binga Haggie	sp_6																			https://en.wikipedia.org/wiki/Ngāruawāhia			74
zo_105	105	Huntly	Rahui-Pōkeka	Huntly	Rahui-Pōkeka					Waikato	re_15	South Auckland	Upper North Island	pa_2	North Island	is_1	Ngāti Māhuta	iw_28									ChIJo_qgev9HbW0R4M6iQ2HvAAU	ChIJ3apuP9xJbW0RY1U9LH9Qqas			Huntly		Central North Island	ma_2	poly	333,289,323,278,328,247,359,247,381,259			Johnson Huiarangi Kenny	sp_50			Binga Haggie	sp_6															https://en.wikipedia.org/wiki/Huntly			68
zo_106	106	Rangiriri	Rangiriri		Rangiriri					Waikato	re_15	South Auckland	Upper North Island	pa_2	North Island	is_1	Ngāti Māhuta	iw_28									ChIJS80Wn6RFbW0RMP2iQ2HvAAU				Rangiriri		Central North Island	ma_2	poly	328,247,359,247,381,259,395,249,371,212,357,201,351,168,347,159,335,154,337,172,343,171,351,185,337,195,341,218			Johnson Huiarangi Kenny	sp_50																			https://en.wikipedia.org/wiki/Rangiriri			78
zo_107	107	Waikato Mouth		Waikato Mouth						Waikato	re_15	South Auckland	Upper North Island	pa_2	North Island	is_1	Ngāti te Ata	iw_55													Waikato Mouth		Central North Island	ma_2	poly	291,272,278,191,335,154,337,172,343,171,351,185,337,195,341,218,323,378			Jim Kaihau	sp_44			Mere Taka	sp_72		Rameka Cope	sp_89												https://en.wikipedia.org/wiki/Waikato_Mouth			98
zo_108	108	South Manukau Head		South Manukau Head						Waikato	re_15	South Auckland	Upper North Island	pa_2	North Island	is_1	Ngāti te Ata	iw_55													South Manukau		Central North Island	ma_2	poly	278,191,322,163,313,140,259,132,248,142			Jim Kaihau	sp_44			Mere Taka	sp_72															https://en.wikipedia.org/wiki/South_Manukau_Head			102
zo_109	109	Bombay to Manurewa		Bombay			Manurewa			Auckland	re_16	North Auckland	Upper North Island	pa_2	North Island	is_1	Te Aki Tai	iw_84									ChIJK8jEEPmpcm0RoLeiQ2HvAAU				Bombay		Auckland and Northland	ma_3	poly	364,630,372,652,388,642,396,625,382,621			Rangi Ngangana Motu	sp_90			Rameka Cope	sp_89						Manurewa									https://en.wikipedia.org/wiki/Bombay			44
zo_110	110	Whitford/Howick		Whitford		Howick				Auckland	re_16	North Auckland	Upper North Island	pa_2	North Island	is_1	Te Aki Tai	iw_84									ChIJH6OvQXq0cm0RIByjQ2HvAAU		ChIJYbqZByNLDW0RgM6iQ2HvAAU		Whitford		Auckland and Northland	ma_3	poly	396,626,382,620,371,611,385,589,400,603			Rangi Ngangana Motu	sp_90																			https://en.wikipedia.org/wiki/Whitford			59
zo_111	111	Waiheke Island	Waiheke	Waiheke Island						Auckland	re_16	North Auckland	Upper North Island	pa_2	North Island	is_1	Ngāti Pāoa	iw_35	Ngāti Tai	iw_51								ChIJtTlAx5bIcm0RO5lfd16-hzc			Waiheke Island		Auckland and Northland	ma_3	circle	415,579,21			Hira Kahi	sp_29										Waiheke									https://en.wikipedia.org/wiki/Waiheke_Island			157
zo_112	112	Inner Gulf Islands		Inner Gulf Islands						Auckland	re_16	North Auckland	Upper North Island	pa_2	North Island	is_1	Ngāti Pāoa	iw_35	Ngāti Tai	iw_51											Inner Gulf Islands		Auckland and Northland	ma_3	rect	364,550,403,586	circle	379,482,10	Maurice Wilson	sp_71		in Te Puru o Aorere																	https://en.wikipedia.org/wiki/Inner_Gulf_Islands			94
zo_113	113	Barrier Islands		Barrier Islands						Auckland	re_16	North Auckland	Upper North Island	pa_2	North Island	is_1	Ngāti Pāoa	iw_35													Barrier Islands		Auckland and Northland	ma_3	circle	453,449,50			Gordon Ponga Kingi Davis	sp_18																			https://en.wikipedia.org/wiki/Barrier_Islands			124
zo_114	114	South Auckland	Tāmaki Makaurau ki te Tonga	South Auckland	Tāmaki Makaurau ke ti Tonga					Auckland	re_16	North Auckland	Upper North Island	pa_2	North Island	is_1	Ngāti Pāoa	iw_35	Waiohua	iw_90											South Auckland		Auckland and Northland	ma_3	poly	364,630,382,620,371,611,332,611,336,632			Rangi Ngangana Motu	sp_90										Māngere									https://en.wikipedia.org/wiki/South_Auckland			155
zo_115	115	Auckland Isthmus (Ancient)		Auckland Isthmus						Auckland	re_16	North Auckland	Upper North Island	pa_2	North Island	is_1	Waiohua	iw_90													Auckland		Auckland and Northland	ma_3	poly	329,609,322,583,383,581,370,613			Rangi Ngangana Motu	sp_90			Naida Pou	sp_77						Tāmaki makau rau	Waitematā							Auckland has a rich vein of historial names that are no longer current, or have been modified over time. Thus it became useful to divide it into "ancient" (to approximately the mid-19th century) and "modern".	https://en.wikipedia.org/wiki/Auckland_Isthmus			195
zo_116	116	Auckland Isthmus (Modern)		Auckland Isthmus						Auckland	re_16	North Auckland	Upper North Island	pa_2	North Island	is_1	Waiohua	iw_90	Ngāti Whātua	iw_62											Auckland		Auckland and Northland	ma_3	poly	329,609,322,583,383,581,370,613			Naida Pou	sp_77			Hone Turei	sp_35		Maehe Nikora	sp_60			Maungakiekie								Auckland has a rich vein of historial names that are no longer current, or have been modified over time. Thus it became useful to divide it into "ancient" (to approximately the mid-19th century) and "modern".	https://en.wikipedia.org/wiki/Auckland_Isthmus			173
zo_117	117	West Auckland	Tāmaki Makaurau ki te Hauāuru	West Auckland	Tāmaki Makaurau ki te Hauāuru					Auckland	re_16	North Auckland	Upper North Island	pa_2	North Island	is_1	Waiohua	iw_90	Ngāti Whātua	iw_62	Kawerau	iw_2									West Auckland		Auckland and Northland	ma_3	poly	329,609,322,583,310,559,278,556,279,582,298,598,302,620			Haki Wihongi	sp_20			Rameka Cope	sp_89															https://en.wikipedia.org/wiki/West_Auckland			126
zo_118	118	North Manukau Head		North Manukau Head						Auckland	re_16	North Auckland	Upper North Island	pa_2	North Island	is_1	Waiohua	iw_90	Ngāti Whātua	iw_62	Kawerau	iw_2					ChIJcSNa-WNnDW0R0MqiQ2HvAAU				North Manukau		Auckland and Northland	ma_3	poly	279,582,298,598,302,620,274,638			Haki Wihongi	sp_20																			https://en.wikipedia.org/wiki/North_Manukau_Head			89
zo_119	119	North Shore		North Shore						Auckland	re_16	North Auckland	Upper North Island	pa_2	North Island	is_1	Ngāti Pāoa	iw_35	Ngāti Tai	iw_51	Ngāti Whātua	iw_62									North Shore		Auckland and Northland	ma_3	poly	339,582,336,563,331,551,362,554,364,582			Maurice Wilson	sp_71		in Te Puru o Aorere																	https://en.wikipedia.org/wiki/North_Shore			129
zo_120	120	Helensville		Helensville						Auckland	re_16	North Auckland	Upper North Island	pa_2	North Island	is_1	Ngāti Whātua	iw_62	Te Māhurehure	iw_86	Ngāpuhi	iw_8					ChIJi56ihmgQDW0RQMuiQ2HvAAU	ChIJX2ybWJgGDW0RFkzsGLU9ELw			Helensville		Auckland and Northland	ma_3	poly	339,582,336,563,331,551,323,527,322,503,316,488,274,473,252,481,278,556,310,559,322,583			Naida Pou	sp_77			Hemi Konore	sp_23		Rameka Cope	sp_89												https://en.wikipedia.org/wiki/Helensville			147
zo_121	121	Silverdale	Weiti	Silverdale	Weiti					Auckland	re_16	North Auckland	Upper North Island	pa_2	North Island	is_1	Ngāti Whātua	iw_62	Ngāpuhi	iw_8							ChIJtWshBX4kDW0RoAOjQ2HvAAU	ChIJuxCSK70jDW0Rgt8IjuJC_cE			Silverdale		Auckland and Northland	ma_3	poly	331,551,362,554,386,548,352,503,322,503,323,527			Hemi Konore	sp_23			Naida Pou	sp_77															https://en.wikipedia.org/wiki/Silverdale			49
zo_122	122	Warkworth/Wellsford		Warkworth	Puhinui	Wellsford				Auckland	re_16	North Auckland	Upper North Island	pa_2	North Island	is_1	Ngāti Whātua	iw_62	Ngāpuhi	iw_8							ChIJCzC-xvTeDG0RMBijQ2HvAAU	ChIJY1SkmK3fDG0Rmxr-d0MEUc8	ChIJF4tbcBPvDG0REBmjQ2HvAAU	ChIJ25u6HMHuDG0R76JwFIA6Jeo	Warkworth		Auckland and Northland	ma_3	poly	322,503,316,488,298,480,273,462,338,423,385,459,359,504			Hemi Konore	sp_23																			https://en.wikipedia.org/wiki/Warkworth			81
zo_123	123	Brynderwyn/Waipū		Brynderwyn			Waipū			Northland	re_17	North Auckland	Upper North Island	pa_2	North Island	is_1	Ngāti Whātua	iw_62	Ngāpuhi	iw_8							ChIJq-fuaZqSDG0RsL6iQ2HvAAU		ChIJd181mhOXDG0RcBWjQ2HvAAU		Waipu		Auckland and Northland	ma_3	poly	338,423,273,462,265,410,314,378			Hemi Konore	sp_23																			https://en.wikipedia.org/wiki/Brynderwyn			80
zo_124	124	Dargaville	Takuira	Dargaville	Takuira					Northland	re_17	North Auckland	Upper North Island	pa_2	North Island	is_1	Ngāti Whātua	iw_62	Ngāpuhi	iw_8							ChIJP8ZhYqRyDG0RIL-iQ2HvAAU	ChIJ8WKUoZgIDG0RZoAeSOS_tCU			Dargaville		Auckland and Northland	ma_3	poly	265,410,252,367,232,327,218,334,207,332,198,324,174,353,226,487,272,436			Mere Toia	sp_73			Hohepa Toia	sp_34		Sam Toia	sp_102												https://en.wikipedia.org/wiki/Dargaville			237
zo_125	125	Donnellys Crossing		Donnellys Crossing						Northland	re_17	North Auckland	Upper North Island	pa_2	North Island	is_1	Ngāti Whātua	iw_62	Ngāpuhi	iw_8							ChIJ18MfB6z-C20R0L6iQ2HvAAU				Donnelly's Crossing		Auckland and Northland	ma_3	poly	174,353,198,324,179,287,136,292			Mere Toia	sp_73			Hohepa Toia	sp_34		Hohepa Toia	sp_34	Rameka Cope	sp_89										https://en.wikipedia.org/wiki/Donnellys_Crossing			75
zo_126	126	South Hokianga	Hokianga ki te Tonga	South Hokianga	Hokianga ki te Tonga					Northland	re_17	North Auckland	Upper North Island	pa_2	North Island	is_1	Ngāpuhi	iw_8													South Hokianga		Auckland and Northland	ma_3	poly	179,287,136,292,122,268,166,232,195,251			Hoana Rapatini	sp_31																			https://en.wikipedia.org/wiki/South_Hokianga			133
zo_127	127	Kaikohe	Kaikohe		Kaikohe					Northland	re_17	North Auckland	Upper North Island	pa_2	North Island	is_1	Ngāpuhi	iw_8									ChIJE-43brXpC20R4NCiQ2HvAAU	ChIJS8KhaVzmC20RTO_D5Vgqqpw			Kaikohe		Auckland and Northland	ma_3	poly	195,251,231,273,245,300,232,327,218,334,207,332,198,324,177,285			Hoana Rapatini	sp_31																			https://en.wikipedia.org/wiki/Kaikohe			111
zo_128	128	Whangarei	Whangarei		Whangarei					Northland	re_17	North Auckland	Upper North Island	pa_2	North Island	is_1	Ngāpuhi	iw_8									ChIJxxBrTpyCC20RJ5mjQ2HvAAU	ChIJ5TI2uDqHC20RFSBO14JLnOA			Whangarei		Auckland and Northland	ma_3	poly	232,327,245,300,340,272,340,365,273,403,265,410,253,367			Rev Hare Te Raharaha Kake	sp_22			Hemi Konore	sp_23		Hoana Rapatini	sp_31			Ngunguru	Whāngārei								https://en.wikipedia.org/wiki/Whangarei			301
zo_129	129	Islands off Bream Head		Hen and Chickens Islands	Marotiri	Poor Knights Islands	Tawhiti Rahi			Northland	re_17	North Auckland	Upper North Island	pa_2	North Island	is_1	Ngāpuhi	iw_8	Ngāti Wai	iw_60								ChIJL6DAj3efDG0RK3lhkgrZsWg			Bream Islands		Auckland and Northland	ma_3	rect	347,253,395,388			Rev Hare Te Raharaha Kake	sp_22			Rameka Cope	sp_89															https://en.wikipedia.org/wiki/Hen_and_Chickens_Islands			83
zo_130	130	Tōwai	Tōwai		Tōwai					Northland	re_17	North Auckland	Upper North Island	pa_2	North Island	is_1	Ngāpuhi	iw_8	Ngāti Hine	iw_17							ChIJk7MUwaKZC20RcLiiQ2HvAAU				Towai		Auckland and Northland	ma_3	poly	245,300,322,282,309,246,277,268,261,262,231,273			Tupi Puriri	sp_129			Rameka Cope	sp_89															https://en.wikipedia.org/wiki/Tōwai			92
zo_131	131	Bay of Islands		Bay of Islands						Northland	re_17	North Auckland	Upper North Island	pa_2	North Island	is_1	Ngāpuhi	iw_8	Ngāti Hine	iw_17											Bay of Islands		Auckland and Northland	ma_3	poly	231,273,195,251,176,242,189,220,182,204,231,183,297,208,309,246,277,268,261,262			Tupi Puriri	sp_129			Rameka Cope	sp_89						Kororāreka	Waitangi								https://en.wikipedia.org/wiki/Bay_of_Islands			326
zo_132	132	Whangaroa	Whangaroa		Whangaroa					Northland	re_17	North Auckland	Upper North Island	pa_2	North Island	is_1	Ngāpuhi	iw_8	Ngāti Kahu	iw_18							ChIJK9U_86vSC20RIDSjQ2HvAAU				Whangaroa		Auckland and Northland	ma_3	circle	179,175,29			Tarawau Kira	sp_108																			https://en.wikipedia.org/wiki/Whangaroa			299
zo_133	133	North Hokianga	Hokianga ki te Raki	North Hokianga	Hokianga ki te Raki					Northland	re_17	North Auckland	Upper North Island	pa_2	North Island	is_1	Ngāpuhi	iw_8													North Hokianga		Auckland and Northland	ma_3	poly	176,242,189,220,182,204,156,187,132,201,128,229,109,248,122,268,166,232			Joe Toki	sp_46			Raureti Harris	sp_95		Bob Harris	sp_7												https://en.wikipedia.org/wiki/North_Hokianga			149
zo_134	134	Herekino/Broadwood			Herekino	Broadwood				Northland	re_17	North Auckland	Upper North Island	pa_2	North Island	is_1	Te Rarawa	iw_88									ChIJqTgzPaAUCW0RsMuiQ2HvAAU		ChIJeQ8SzGdvCW0RcLGiQ2HvAAU		Herekino		Auckland and Northland	ma_3	poly	109,248,128,229,132,201,111,192,81,203			Bob Harris	sp_7			Ross Gregory	sp_99															https://en.wikipedia.org/wiki/Herekino			67
zo_135	135	Kaitāia	Kaitāia		Kaitāia					Northland	re_17	North Auckland	Upper North Island	pa_2	North Island	is_1	Te Rarawa	iw_88	Te Aupōuri	iw_85							ChIJ7QDSfUl3CW0RsNGiQ2HvAAU	ChIJvR-oJAGlCW0RFrgg3tgZWIc			Kaitaia		Auckland and Northland	ma_3	poly	132,201,111,192,81,203,58,181,150,157,156,188			Ross Gregory	sp_99			Merimeri Penfold	sp_74						Ahipara									https://en.wikipedia.org/wiki/Kaitāia			125
zo_136	136	Karikari Peninsula	Karikari	Karikari Peninsula	Karikari					Northland	re_17	North Auckland	Upper North Island	pa_2	North Island	is_1	Ngāti Kahu	iw_18	Ngai Takoto	iw_69							ChIJBeScaFyaCW0RQNOiQ2HvAAU				Karikari Peninsula		Auckland and Northland	ma_3	poly	150,157,156,188,142,101,109,116,109,150,86,159,87,173			Ross Gregory	sp_99																			https://en.wikipedia.org/wiki/Karikari_Peninsula			56
zo_137	137	The Far North		The Far North						Northland	re_17	North Auckland	Upper North Island	pa_2	North Island	is_1	Te Aupōuri	iw_85													Far North District		Auckland and Northland	ma_3	poly	109,116,109,150,86,159,0,19,0,0,82,0			Pineaha Murray	sp_85			Merimeri Penfold	sp_74	in Tane Nui a Rangi	Ross Gregory	sp_99			Te Rēinga									https://en.wikipedia.org/wiki/The_Far_North			251
zo_138	138	Overseas		Overseas						Other	re_18		Upper North Island	pa_2	Other	is_3															Overseas								Maehe Nikora	sp_60																			https://en.wikipedia.org/wiki/Overseas			25
zo_139	139	Addenda		Addenda						Other	re_18		Upper North Island	pa_2	Other	is_3															Addenda								Maaka Jones	sp_58			Tukawekai Kereama	sp_126		Maehe Nikora	sp_60	Naida Pou	sp_77	Kia ora!									https://en.wikipedia.org/wiki/Addenda			84
zo_140	140	Golden Bay	Mohua	Golden Bay	Mohua					Top of the South	re_19	Nelson	South Island	pa_3	South Island	is_2	Ngāti Tama	iw_52	Ngāti Koata	iw_25											Golden Bay		Northern and Eastern South Island	ma_4	poly	183,0,183,74,197,57,229,91,277,47,277,0			Hannah Moari Meihana	sp_21			Tom Bailey	sp_122															https://en.wikipedia.org/wiki/Golden_Bay			164
zo_141	141	Motueka	Motueka		Motueka					Top of the South	re_19	Nelson	South Island	pa_3	South Island	is_2	Ngāti Koata	iw_25	Ngāti Rarua	iw_44	Te Āti Awa	iw_81					ChIJ2WZanzCBO20R8I95hIbvAAU	ChIJS87ygUR_O20RGz5CHwL5iQk			Motueka		Northern and Eastern South Island	ma_4	poly	277,47,229,91,232,117,241,139,261,133,266,117,264,93,274,81			Tom Bailey	sp_122										Motueka									https://en.wikipedia.org/wiki/Motueka			103
zo_142	142	Murchison		Murchison						Top of the South	re_19	Nelson	South Island	pa_3	South Island	is_2											ChIJ07k1ZwfOOm0RsJF5hIbvAAU	ChIJzehLivjGOm0RiZo3OhF8tHM			Murchison		Northern and Eastern South Island	ma_4	poly	261,133,241,139,232,117,217,140,213,164,241,208,283,142,			Malcolm Hoskins	sp_65			Kath Hemi	sp_52															https://en.wikipedia.org/wiki/Murchison			44
zo_143	143	Nelson	Whakatū	Nelson	Whakatū					Top of the South	re_19	Nelson	South Island	pa_3	South Island	is_2	Ngāti Koata	iw_25	Ngāti Kuia	iw_27								ChIJfS63kcTsO20RgKSW54jvAAo			Nelson		Northern and Eastern South Island	ma_4	poly	261,133,266,117,264,93,274,81,310,70,329,90,329,113,283,142			Turi Elkington	sp_130										Tāhuna(nui)									https://en.wikipedia.org/wiki/Nelson			122
zo_144	144	Western Sounds		Western Sounds						Top of the South	re_19	Marlborough	South Island	pa_3	South Island	is_2	Ngāti Koata	iw_25	Ngāti Kuia	iw_27											Queen Charlotte Sound		Northern and Eastern South Island	ma_4	poly	310,70,351,0,382,53,329,90			Turi Elkington	sp_130			Kath Hemi	sp_52															https://en.wikipedia.org/wiki/Western_Sounds			210
zo_145	145	Eastern Sounds		Eastern Sounds						Top of the South	re_19	Marlborough	South Island	pa_3	South Island	is_2	Te Āti Awa	iw_81													Queen Charlotte Sound		Northern and Eastern South Island	ma_4	poly	382,53,329,90,329,113,400,79,400,39			Island Love	sp_40			Kath Hemi	sp_52		Turi Elkington	sp_130												https://en.wikipedia.org/wiki/Eastern_Sounds			176
zo_146	146	Blenheim	Waiharakeke	Blenheim	Waiharakeke					Top of the South	re_19	Marlborough	South Island	pa_3	South Island	is_2	Ngāti Rarua	iw_44	Rangitāne	iw_73	Kai Tahu	iw_1						ChIJvWnigAAOOW0RMKWW54jvAAo			Marlborough		Northern and Eastern South Island	ma_4	poly	329,113,400,79,400,121,362,185,355,168,343,177,308,150,283,142			Kath Hemi	sp_52			Bill Solomon	sp_5		Lee Luke	sp_56												https://en.wikipedia.org/wiki/Blenheim			107
zo_147	147	Kaikōura/Hanmer			Kaikōura	Hanmer				South Island East Coast	re_20	Canterbury	South Island	pa_3	South Island	is_2	Kai Tahu	iw_1	Ngāti Mamoe	iw_29							ChIJdXyRNDogOm0RNpl5hIbvAAU	ChIJHytxyRMDOm0RjdnSn7ydFGI			Kaikoura	Hurunui River	Northern and Eastern South Island	ma_4	poly	362,185,355,168,343,177,308,150,283,142,241,208,185,266,250,283,322,281			Bill Solomon	sp_5		in Maru Kaitatea	Auntie Jane Manahi	sp_43						Kaikōura	Tapuwae-ō-Uenuku								https://en.wikipedia.org/wiki/Kaikōura			174
zo_148	148	North Canterbury		North Canterbury						South Island East Coast	re_20	Canterbury	South Island	pa_3	South Island	is_2	Kai Tahu	iw_1													North Canterbury		Northern and Eastern South Island	ma_4	poly	185,266,250,283,322,281,313,332,248,330,232,342,225,357,172,299			Auntie Jane Manahi	sp_43			Bill Solomon	sp_5															https://en.wikipedia.org/wiki/North_Canterbury			81
zo_149	149	Kaiapoi	Kaiapoi		Kaiapoi					South Island East Coast	re_20	Canterbury	South Island	pa_3	South Island	is_2	Kai Tahu	iw_1									ChIJA29BpGeRMW0RkHp5hIbvAAU				Kaiapoi	Waimakariri River	Northern and Eastern South Island	ma_4	poly	313,332,248,330,232,342,225,357,250,359			Auntie Jane Manahi	sp_43										Kaiapoi									https://en.wikipedia.org/wiki/Kaiapoi			46
zo_150	150	Christchurch	Ōtautahi	Christchurch	Ōtautahi					South Island East Coast	re_20	Canterbury	South Island	pa_3	South Island	is_2	Kai Tahu	iw_1									ChIJAe3FY0gvMm0RRZl5hIbvAAU	ChIJPW-wzMsEMm0RjCZ0-SKkKvs			Christchurch		Northern and Eastern South Island	ma_4	poly	250,359,255,374,267,381,273,369,280,365,352,365,352,356,279,356,275,349			Rakiihia Tau	sp_88			Maurice Gray	sp_70						Aranui	Hei Hei	Ōtautahi	Papanui	Waimairi	Waimakariri	Wainoni	Wharenui		https://en.wikipedia.org/wiki/Christchurch			198
zo_151	151	Lyttelton	Ōhinehou	Lyttelton	Ōhinehou					South Island East Coast	re_20	Canterbury	South Island	pa_3	South Island	is_2	Kai Tahu	iw_1									ChIJwXdzfysmMm0RwIV5hIbvAAU	ChIJu_SAEjAkMm0RpeolvPbkswg			Lyttelton		Northern and Eastern South Island	ma_4	poly	267,381,273,369,280,365,352,365,300,365,300,373,289,381			Rakiihia Tau	sp_88			Maurice Gray	sp_70															https://en.wikipedia.org/wiki/Lyttelton			119
zo_152	152	Akaroa	Akaroa		Akaroa					South Island East Coast	re_20	Canterbury	South Island	pa_3	South Island	is_2	Kai Tahu	iw_1									ChIJE95FCQrMM20RoFp5hIbvAAU	ChIJuymCstDNM20RJ1ywyiTlDFU			Akaroa		Northern and Eastern South Island	ma_4	poly	300,373,315,373,315,407,267,407,267,381,290,381			Mahia Whatarau-Tainui	sp_62	with Henry Robinson		Maurice Gray	sp_70		Maarire Goodall	sp_59												https://en.wikipedia.org/wiki/Akaroa			222
zo_153	153	Selwyn		Selwyn						South Island East Coast	re_20	Canterbury	South Island	pa_3	South Island	is_2	Kai Tahu	iw_1										ChIJJyEeGYkWLm0REFZ5hIbvAAQ			Selwyn	Rakaia River	Northern and Eastern South Island	ma_4	poly	243,411,134,331,152,309,172,299,255,357,250,359,255,374,267,381,267,407			Rakiihia Tau	sp_88			Maurice Gray	sp_70		Maarire Goodall	sp_59												https://en.wikipedia.org/wiki/Selwyn			140
zo_154	154	Ashburton/Temuka	Hakatere/Temuka	Ashburton	Hakatere		Temuka			South Island East Coast	re_20	Canterbury	South Island	pa_3	South Island	is_2	Kai Tahu	iw_1									ChIJS83OBmQxLG0RQJl5hIbvAAU	ChIJu3FFFXQwLG0RP74_TpmSJRc			Ashburton District	Opihi River	Northern and Eastern South Island	ma_4	poly	243,411,134,331,91,371,110,409,110,450,170,469			Jack Reihana	sp_42			Kelly Davis	sp_53		Maarire Goodall	sp_59	Maurice Gray	sp_70	Rākaia	Rangitata	(Te Umu Kaha) Temuka							https://en.wikipedia.org/wiki/Ashburton			105
zo_155	155	Timaru	Timaru		Timaru					South Island East Coast	re_20	Canterbury	South Island	pa_3	South Island	is_2	Kai Tahu	iw_1									ChIJ78dhY4ljLG0ROZl5hIbvAAU	ChIJk6-NTj25LG0RHfLcZDeC9OQ			Timaru	Makikihi River	Northern and Eastern South Island	ma_4	poly	110,450,170,469,170,508,147,508,124,500,110,468			Kelly Davis	sp_53			Jack Reihana	sp_42						Tīmaru									https://en.wikipedia.org/wiki/Timaru			67
zo_156	156	Waimate	Waimate		Waimate					South Island East Coast	re_20	Canterbury	South Island	pa_3	South Island	is_2	Kai Tahu	iw_1									ChIJ8yh-_olTK20RIpl5hIbvAAU	ChIJaaag6_f6KagRWUlkh2xB42U			Waimate	Hakataramea River	Northern and Eastern South Island	ma_4	poly	170,508,147,508,124,500,108,530,132,547,167,547			Kelly Davis	sp_53																			https://en.wikipedia.org/wiki/Waimate			125
zo_157	157	McKenzie Country		McKenzie Country						South Island East Coast	re_20	Canterbury	South Island	pa_3	South Island	is_2	Kai Tahu	iw_1													Mackenzie District	Waitaki River	Northern and Eastern South Island	ma_4	poly	108,530,79,504,28,520,16,456,34,447,69,392,91,371,110,409,110,450,110,468,124,500			Kelly Davis	sp_53			Maarire Goodall	sp_59															https://en.wikipedia.org/wiki/McKenzie_Country			162
zo_158	158	Ōāmaru	Ōāmaru		Ōāmaru					Otago	re_21	Otago	South Island	pa_3	South Island	is_2	Kai Tahu	iw_1	Waitaha	iw_91							ChIJeQZQVPd1KagR4O95hIbvAAU	ChIJXUmjr92IKagRjA2eonFLFQw			Oamaru		Southern and Western South Island	ma_5	poly	249,459,290,456,329,481,372,488,361,551			Aunt Magda Walscott	sp_61			Tatane Wesley	sp_109	in Tamatea	Maarire Goodall	sp_59			Ōāmaru	Waitaki								https://en.wikipedia.org/wiki/Ōāmaru			152
zo_159	159	Palmerston		Palmerston						Otago	re_21	Otago	South Island	pa_3	South Island	is_2	Kai Tahu	iw_1									ChIJT-m6UaNoKagRMJ55hIbvAAU	ChIJs2zKOo7XK6gRk2CPFYJ8MVY			Palmerston		Southern and Western South Island	ma_5	poly	269,471,361,551,346,571,326,575,307,599,298,577,266,577,230,560,234,541,225,525			Aunt Magda Walscott	sp_61																			https://en.wikipedia.org/wiki/Palmerston			96
zo_160	160	Dunedin	Ōtepoti	Dunedin	Ōtepoti					Otago	re_21	Otago	South Island	pa_3	South Island	is_2	Kai Tahu	iw_1									ChIJPVFfD-DkK6gRQZl5hIbvAAU	ChIJITL5p_esLqgRT2z-nylGqs8			Dunedin	Taiari River	Southern and Western South Island	ma_5	poly	346,571,326,575,307,599,307,617,319,631,405,594			Aunt Magda Walscott	sp_61			Tatane Wesley	sp_109		Maarire Goodall	sp_59			Māori (Hill)	Ōtākau	Waikouaiti							https://en.wikipedia.org/wiki/Dunedin			217
zo_161	161	South Otago		South Otago						Otago	re_21	Otago	South Island	pa_3	South Island	is_2	Kai Tahu	iw_1													South Otago	Clutha River	Southern and Western South Island	ma_5	poly	319,631,300,665,255,627,253,601,235,581,230,560,298,577,307,599,307,617			Aunt Magda Walscott	sp_61			Tatane Wesley	sp_109		Huata Holmes	sp_36												https://en.wikipedia.org/wiki/South_Otago			82
zo_162	162	Wānaka/Hāwea	Wānaka/Hāwea		Wānaka		Hāwea			The Southern Lakes	re_22	Southland	South Island	pa_3	South Island	is_2	Kai Tahu	iw_1	Ngāti Mamoe	iw_29							ChIJby3suR1G1akR4MF5hIbvAAU	ChIJkb6bG-gy1WwRMq4EtYfg8IY			Wanaka		Southern and Western South Island	ma_5	poly	154,464,225,400,237,449,267,475,225,525,196,522			Aunt Magda Walscott	sp_61			Tatane Wesley	sp_109		Maarire Goodall	sp_59			Hāwea	Wānaka								https://en.wikipedia.org/wiki/Wānaka			151
zo_163	163	Wakatipu	Wakatipu		Wakatipu					The Southern Lakes	re_22	Southland	South Island	pa_3	South Island	is_2	Kai Tahu	iw_1	Ngāti Mamoe	iw_29											Wakatipu		Southern and Western South Island	ma_5	poly	154,464,196,522,225,525,234,541,230,560,175,577,151,573,133,550,123,515,133,479			George Te Au	sp_17			Maarire Goodall	sp_59						Kawarau	Whakatipua-wai-māori (Wakatipu)								https://en.wikipedia.org/wiki/Wakatipu			170
zo_164	164	Manapōuri/Te Anau	Manapōuri/Te Anau		Manapōuri		Te Anau			The Southern Lakes	re_22	Southland	South Island	pa_3	South Island	is_2	Kai Tahu	iw_1	Ngāti Mamoe	iw_29							ChIJd73ufdgJ1KkRoId5hIbvAAU		ChIJa15mlSBt1KkRULR5hIbvAAU	ChIJFT6ScnCC1qkRKUDPLWMVrOg	Te Anau		Southern and Western South Island	ma_5	poly	123,515,133,550,151,573,127,613,103,630,86,661,64,617,67,572,81,539,106,515			George Te Au	sp_17										Manapōuri	Te Anau								https://en.wikipedia.org/wiki/Manapōuri			96
zo_165	165	Gore/Eastern Southland		Gore		Eastern Southland				Southland	re_23	Southland	South Island	pa_3	South Island	is_2	Kai Tahu	iw_1	Ngāti Mamoe	iw_29							ChIJeVm-nHLMLKgRNZl5hIbvAAU	ChIJb92BGwK3LKgR079L783dc0o			Gore		Southern and Western South Island	ma_5	poly	175,577,230,560,235,581,253,601,255,627,300,665,300,715,195,715,195,680,203,660,176,631			Paddy Gilroy	sp_80	with George Te Au		Huata Holmes	sp_36															https://en.wikipedia.org/wiki/Gore			266
zo_166	166	Invercargill/Central Southland	Waihopai/Central Southland	Invercargill	Waihopai	Central Southland				Southland	re_23	Southland	South Island	pa_3	South Island	is_2	Kai Tahu	iw_1	Ngāti Mamoe	iw_29							ChIJ12kUrJTE0qkRIKSW54jvAAo	ChIJ0cDkEhHS0qkRApCm_mq2eU0			Invercargill		Southern and Western South Island	ma_5	poly	195,715,195,680,203,660,176,631,175,577,151,573,127,613,135,629,135,670,139,715			George Te Au	sp_17										Ōreti	Ōtātara								https://en.wikipedia.org/wiki/Invercargill			207
zo_167	167	Western Southland		Western Southland						Southland	re_23	Southland	South Island	pa_3	South Island	is_2	Kai Tahu	iw_1	Ngāti Mamoe	iw_29											Southland	Foveaux Strait	Southern and Western South Island	ma_5	poly	127,613,135,629,135,670,139,715,95,692,86,661,103,630			George Te Au	sp_17																			https://en.wikipedia.org/wiki/Western_Southland			102
zo_168	168	Ruapuke	Ruapuke		Ruapuke					Southland	re_23	Southland	South Island	pa_3	South Island	is_2	Kai Tahu	iw_1	Ngāti Mamoe	iw_29											Ruapuke		Southern and Western South Island	ma_5	rect	187,715,235,741			George Te Au	sp_17																			https://en.wikipedia.org/wiki/Ruapuke			99
zo_169	169	Stewart Island	Rakiura	Stewart Island	Rakiura					Southland	re_23	Southland	South Island	pa_3	South Island	is_2	Kai Tahu	iw_1	Ngāti Mamoe	iw_29							ChIJFYrtD8dvzakR4K95hIbvAAU				Stewart Island		Southern and Western South Island	ma_5	poly	133,732,157,732,178,757,182,774,137,806,120,806,121,793			George Te Au	sp_17			Huata Holmes	sp_36															https://en.wikipedia.org/wiki/Rakiura			106
zo_170	170	Muttonbird Islands	Titi	Muttonbird Islands	Titi					Southland	re_23	Southland	South Island	pa_3	South Island	is_2	Kai Tahu	iw_1	Ngāti Mamoe	iw_29											Muttonbird Islands		Southern and Western South Island	ma_5	rect	110,817,197,737			George Te Au	sp_17																			https://en.wikipedia.org/wiki/Muttonbird_Islands			137
zo_171	171	Southern Islands		Southern Islands						Southland	re_23	Southland	South Island	pa_3	South Island	is_2	Kai Tahu	iw_1	Ngāti Mamoe	iw_29											Auckland Islands		Southern and Western South Island	ma_5	poly	0,817,63,707,105,817			George Te Au	sp_17			Maui Pomare	sp_69		Huata Holmes	sp_36												https://en.wikipedia.org/wiki/Southern_Islands			44
zo_172	172	Fiordland		Fiordland						West Coast	re_24	Westland	South Island	pa_3	South Island	is_2	Kai Tahu	iw_1	Ngāti Mamoe	iw_29	Poutini Kai Tahu	iw_72					ChIJi4cw9Jar1qkRwG15hIbvAAU				Fiordland		Southern and Western South Island	ma_5	poly	86,661,95,692,0,692,0,609,102,450,133,479,123,515,106,515,81,539,67,572,64,617			George Te Au	sp_17			Maika Mason	sp_63		Huata Holmes	sp_36												https://en.wikipedia.org/wiki/Fiordland			291
zo_173	173	South Westland		South Westland						West Coast	re_24	Westland	South Island	pa_3	South Island	is_2	Kai Tahu	iw_1	Poutini Kai Tahu	iw_72											South Westland		Southern and Western South Island	ma_5	poly	102,450,133,479,154,464,225,400,240,390,371,252,326,219,125,412			Maika Mason	sp_63	Poutini Ngai Tahu		Maarire Goodall	sp_59						Hokitika									https://en.wikipedia.org/wiki/South_Westland			290
zo_174	174	Grey		Grey						West Coast	re_24	Westland	South Island	pa_3	South Island	is_2	Kai Tahu	iw_1	Poutini Kai Tahu	iw_72											Grey District		Southern and Western South Island	ma_5	poly	326,219,371,252,398,199,442,161,421,131,410,143,390,129,359,154			Maika Mason	sp_63																			https://en.wikipedia.org/wiki/Grey			137
zo_175	175	North Westland		North Westland						West Coast	re_24	Westland	South Island	pa_3	South Island	is_2	Kai Tahu	iw_1	Poutini Kai Tahu	iw_72											North Westland		Southern and Western South Island	ma_5	poly	338,187,334,118,399,13,435,48,435,72,414,112,421,131,410,143,390,129,359,154			Maika Mason	sp_63										Inangahua	Ngíkawau								https://en.wikipedia.org/wiki/North_Westland			134
zo_176	176	Chatham Islands (Ancient)		Chatham Islands						Chatham Islands	re_25	Southland	South Island	pa_3	South Island	is_2	Moriori	iw_3										ChIJM-fHqWXos3IRiC_KQFZExk8			Chatham Islands		Southern and Western South Island	ma_5	rect	128,47,247,169			Charles Solomon	sp_8										Rekohu								The "ancient" list is intended to be of Moriori names. They are spoken by Charles Solomon, son of the last "full-blooded" Moriori. He did not, however, speak the Moriori language.	https://en.wikipedia.org/wiki/Chatham_Islands			95
zo_177	177	Chatham Islands (Modern)		Chatham Islands						Chatham Islands	re_25	Southland	South Island	pa_3	South Island	is_2	Ngāti Tama	iw_52	Ngāti Mutunga	iw_34								ChIJM-fHqWXos3IRiC_KQFZExk8			Chatham Islands		Southern and Western South Island	ma_5	rect	128,47,247,169			Maui Pomare	sp_69										Wharekauri								The "modern" list is of current Māori names, dating from 1835.	https://en.wikipedia.org/wiki/Chatham_Islands			227