ID	Name	TeReo	Region	RegionID	Start	End	GooglePlaceIDSmall_1	GooglePlaceIDLarge_1	GooglePlaceIDSmall_2	GooglePlaceIDLarge_2	GooglePlaceName	Macron	Boundary	ImageMap	ImageMapAreaShape_1	ImageMapAreaCoords_1	ImageMapAreaShape_2	ImageMapAreaCoords_2	Speaker_1	Speaker_2	Speaker_3	Speaker_4	FeaturedName_1	FeaturedName_2	FeaturedName_3	FeaturedName_4	FeaturedName_5	FeaturedName_6	FeaturedName_7	FeaturedName_8	Notes
1	Wellington	Te Whanganui-a-Tara	Wellington	1	1.17	2.74		ChIJy3TpSfyxOG0RcLQTomPvAAo			Wellington			Lower North Island	circle	267,768,10			Kara Puketapu				Hātaitai	Kaiwharawhara	Kārori	Ngāūranga					
2	Lower Hutt Valley	Awakairangi	Wellington	1	1.6	3.59	ChIJ-winbklWR20RINuiQ2HvAAU				Lower Hutt			Lower North Island	circle	292,757,15			Kara Puketapu												
3	Upper Hutt Valley	Whakatiki	Wellington	1	1.55	3.5	ChIJ7QnJ1pqxQG0RIZmjQ2HvAAU	ChIJoXyo73exQG0R5LdOMogvQAg			Upper Hutt			Lower North Island	circle	301,727,15			Kara Puketapu												
4	Porirua Harbour	Porirua	Wellington	1	1.34	3.22	ChIJjzUPKJxWP20RFJmiQ2HvAAU	ChIJKTY06LKpQG0R4xaI9V9yg9w			Porirua			Lower North Island	circle	269,740,17			Tarawara (Wara) Katene				Pāuatahānui	Te Rauparaha							
5	Kāpiti Coast	Kāpiti	Wellington	1	2.21	3.91		ChIJN8q_BraUQG0RAKyiQ2HvAAQ			Kapiti			Lower North Island	poly	283,682,322,691,317			Te Aputa ki Wairua Parata Kauri				Kāpiti	Paekākāriki	Paraparaaumu						
6	Ōtaki	Ōtaki	Manawatu	2	1.72	3.39	ChIJiRyM5FmSQG0RcPGiQ2HvAAU	ChIJxSlQKkrpQG0RlFkQ41UQcAk			Otaki			Lower North Island	poly	287,651,327,655,321			Matenga Baker												
7	Levin	Horowhenua	Manawatu	2	1.43	2.91	ChIJTX2WfGLzQG0R0NmiQ2HvAAU	ChIJvaoei6_0QG0RUjAe1Vush00			Levin			Lower North Island	poly	283,637,328,640,327			Tamihana Tukapua												
8	Foxton	Te Awahou	Manawatu	2	2.01	2.65	ChIJf01EOY5eQG0RkMSiQ2HvAAU	ChIJkbmlblFcQG0RjqBk-M_qjVE			Foxton			Lower North Island	poly	272,604,302,605,327			Ngarongo Iwikatea (Iwi) Nicholson												
9	Palmerston North	Te Papa-i-Oea	Manawatu	2	1.62	3.34	ChIJg0SjvZ-tQW0RFZmiQ2HvAAU	ChIJIwEfl-tRQG0RKogF4vBEhAk			Palmerston North			Lower North Island	poly	320,528,343,562,330			Matawha (Pompey) Durie	Eileen Ngahere											By whakapapa, the best person to say these names would have been a descendent of Chief Te Awe Awe, and a daughter of his was insistant that it should be so, but none of his children spoke the language. (In fact Te Awe Awe had lived a double life, going by an English name and playing in a jazz band.) Eventually she relented, and Matawhā "Pompey" Durie, father of Judge Eddie and Dr Mason Durie, said them, and he was amply qualified to do so.
10	Feilding	Aorangi	Rangitikei	3	1.88	3.45	ChIJRebZWno1QG0RMMOiQ2HvAAU	ChIJfXQcR1zMQW0R4W_BEn06NxY			Feilding			Lower North Island	poly	294,547,319,559,302			Matawha (Pompey) Durie												
11	Bulls		Rangitikei	3	2.21	3.66	ChIJZx7tWPQ4QG0RQLmiQ2HvAAU	ChIJR8E-S5U_QG0RRtRH3jJngg0			Bulls			Lower North Island	poly	290,543,287,569,254			Eileen Ngahere												
12	Hunterville/Kimbolton		Rangitikei	3	3.21	5.53	ChIJjWljYn-Bam0R0M6iQ2HvAAU	ChIJf1RD3eWAam0RnBQ1gn_GUn0	ChIJK0kGS23aQW0RgNWiQ2HvAAU		Hunterville			Lower North Island	poly	290,543,291,493,303			George Kereama												
13	Taihape	Taihape	Rangitikei	3	2.08	3.79	ChIJ7wrYfi5kam0RgAejQ2HvAAU	ChIJwVsbfyddam0R7DvL2qLIj3I			Taihape			Lower North Island	poly	253,419,294,399,327			Apotoro Paoro Hekenui												
14	Waiōuru/Raetihi	Waiōuru/Raetihi	Rangitikei	3	2.51	5.16	ChIJoXWW6ihgam0RgLKiQ2HvAAU		ChIJ16va7cDDam0RMPyiQ2HvAAU		Waiouru			Lower North Island	poly	221,448,277,420,291			Pauro Mareikura												Mr Mareikura was very frail when I recorded him, and died soon after. I went to the aftermath of his tangi, and secured the permission of his family to use the recording nonetheless.
15	Ahimanawa	Ahimanawa	Rangitikei	3	2.59	4.47					Ahimanawa			Lower North Island	poly	314,309,359,325,339			Rangikamutua Downs												
16	Tūrangi/South Taupō		Taupo	4	2.17	4.97	ChIJL_ZBSA-Wa20RsBCjQ2HvAAU		ChIJw4V2-wS_a20RStC8agP7C6M		Taupo			Lower North Island	poly	259,311,314,312,313			Rangikamutua Downs				Ngauruhoe	Ruapehu	Te Heu Heu	Tongariro					Before I recorded any Taupō names, I consulted Sir Hepi Te Heu Heu, who took me to morning tea in Taumarunui. He very modestly declined to speak, but recommended those who did, each of whom was excellent.
17	North Taupō/Atiamuri		Taupo	4	1.74	4.88			ChIJ7zI-IwoabG0RsLOiQ2HvAAU	ChIJazM8Z_INbG0RorREaEfWlsI	Taupo			Lower North Island	poly	259,311,231,251,327			Te Aonui (Taxi) Kapua	Rangi Downs	Derek Asher		Taupō-nui-ā-Tia	Tauranga Taupō	Waikato	Wairākei					
18	West Taupō		Taupo	4	2.05	4.12					Taupo			Lower North Island	poly	259,311,238,363,202			Robert Keepa												
19	Marton	Tutaenui	Wʰanganui	5	1.99	4.07	ChIJJ_6IrWOBam0RAOGiQ2HvAAU	ChIJLXpVLkQlQG0RxNSspZyWpHw			Marton			Lower North Island	poly	239,558,255,535,260			Waiharakeke (Wai) Waitere	Te Rino Tirikatene											I have often played this track to illustrate the beauty of the Māori language and its placenames. 
20	Wʰanganui	Whanganui	Wʰanganui	5	1.2	2.95	ChIJxRXzarcDQG0RABijQ2HvAAU	ChIJlStqJYClam0Ro4m0itojnrY			Wanganui			Lower North Island	poly	221,496,240,472,287			Nepia Nikorima				Wʰanganui								
21	Jerusalem		Wʰanganui	5	1.57	3.31					Jerusalem			Lower North Island	poly	173,420,253,420,220			Nepia Nikorima												
22	Taumarunui	Taumarunui	Wʰanganui	5	1.14	3.1	ChIJCySntd1Ga20RwAmjQ2HvAAU	ChIJq8-15OA_a20Rgu0e1YBF3z8			Taumarunui			Lower North Island	poly	173,420,178,349,215			Hikaia Amohia				Taumarunui								I had very much hoped to record the voice of Titi Tihu for the upper Wʰanganui river. I tracked him down, driving along the centre of the road towards Tawataʰa. Aged in his 90s, he spoke only Māori, and my reo was not up to the task explaining my mission and talking him into speaking. The names were instead spoken by his nephew in something of a hurry, in a room overlooking a busy Taumarunui street (perhaps they aren't usually, but this one was).
23	Ōhura	Ōhura	Wʰanganui	5	1.33	3.15	ChIJDTREL3LFFG0R0O2iQ2HvAAU	ChIJj0IQ7LfKFG0R8DbocHi4KY8			Ohura			Lower North Island	poly	173,420,178,321,149			Hikaia Amohia												
24	East Taranaki		Taranaki	6	1.24	3.41					East Taranaki			Lower North Island	circle	138,448,20			Hikaia Amohia	Ruka Broughton											
25	Waverley		Taranaki	6	1.41	3.26	ChIJsVb2rqxDFW0RsBijQ2HvAAU				Waverley			Lower North Island	poly	141,479,169,459,222			Ruka Broughton	Huirangi Waikerepuru											Ruka Broughton (Sr) was ideally qualified to say the names of this region, which closely corresponds to the rohe of his people Ngā Rauru (Kītahi), "Ngā Rauru of the Single Word". Only in the east was there an issue. Some names close to the Wʰanganui river might have belonged to the people of the river. At Ruka's direction, I went back to the Wʰanganui elders and was told, no, they belong to Ngā Rauru. Ruka said "I knew they did, but I wanted them to say it." - a beautiful example of Māori diplomacy, one of many I experienced in my travels.
26	Pātea/Hāwera	Pātea/Hāwera	Taranaki	6	1.09	3.84	ChIJT1_yZeZlFW0RgPaiQ2HvAAU	ChIJg05NKQJvFW0R0KvFCSc_2AM	ChIJ95PedbN1FW0RwMqiQ2HvAAU		Hawera			Lower North Island	poly	98,447,111,464,159,400			Hoani Heremaia	Huirangi Waikerepuru											
27	Manaia	Manaia	Taranaki	6	1.33	3.19	ChIJCe08G1SYFW0RcN2iQ2HvAAU				Manaia	?		Lower North Island	poly	75,484,91,471,119,515,107,539,63,529			Tom Ngatai	Hoani Heremaia			Taranaki								
28	West Taranaki		Taranaki	6	0.99	3.07					West Taranaki			Lower North Island	poly	75,484,63,52914,490,53,441,84,477			Sonny Waru in Stratford Park				Parihaka								
29	New Plymouth	Ngāmotu	Taranaki	6	1.19	2.99	ChIJDc5kI-b5FG0RoOmiQ2HvAAU	ChIJHx8Mm5dMFG0R_g4SWD0Fwjg			New Plymouth			Lower North Island	poly	84,477,89,407,118,438,110,463,98,478,91,471			Aila Taylor	Huirangi Waikerepuru	Sonny Waru										
30	Urenui	Urenui	Taranaki	6	0.84	2.45	ChIJ8cHa_wzwFG0RgBGjQ2HvAAU				Urenui			Lower North Island	poly	89,407,103,398,145,300			Jack Te Kapenga McClutchie												
31	Mt Messenger		Taranaki	6	1.45	3.49	ChIJ7bNtO3zqFG0RUCCjQ2HvAAU				Mt Messenger			Lower North Island	poly	103,398,108,353,114			Te Mahinga Peter White												
32	Palliser Bay		Wairarapa	7	1.74	3.63					Palliser Bay			Lower North Island	poly	318,715,372,710,411			George Heiti Hawkins	Tom Gemmell			Wairarapa								
33	Masterton/Carterton	Te Oreore	Wairarapa	7	1.96	4.46	ChIJk57H2MI-QW0RFpmiQ2HvAAU	ChIJW_f4ycg5QW0Rz8bWJ3-8jFM	ChIJRRDye6rQQG0RBpmiQ2HvAAU	ChIJLz06QbDQQG0Rb-LGAJpSzzg	Masterton			Lower North Island	poly	318,715,329,644,427			Tom Gemmell				Tīnui								
34	Eketāhuna/Castlepoint		Wairarapa	7	1.6	4.27	ChIJ8-4SsjkEQW0RcMGiQ2HvAAU	ChIJa0HZ2mQLQW0ROYC7eFdsUdQ	ChIJn4YFGJ1gQW0R8LqiQ2HvAAU		Eketahuna			Lower North Island	poly	329,644,332,621,447			Tom Gemmell				Eketāhuna								
35	Pongaroa	Pongaroa	Wairarapa	7	1.6	3.5	ChIJ9yN_GWHVQ20RAPmiQ2HvAAU	ChIJG8kkSRTVQ20RScbzLzf6Byw			Pongaroa			Lower North Island	circle	410,597,27			Dan Pomana												
36	Pahiatua	Pahiatua	Wairarapa	7	1.36	3.32	ChIJGdjEW7uhQW0RYCGjQ2HvAAU	ChIJgZ6xJxmiQW0RyDXp_clDwuo			Pahiatua	?		Lower North Island	circle	362,596,27			Arapera Mikaera Rangimauriora Nitenetara (Governor)												
37	Woodville/Dannevirke	/Taniwaka	Hawkes Bay	8	1.77	4.04	ChIJ0yGmiESXQW0RUB2jQ2HvAAU	ChIJN-rZdQeWQW0R-MUUQNs3OSc	ChIJSYNJczztQW0R8L6iQ2HvAAU	ChIJAcmutmcgQm0RGBGFJjx0Qpc	Woodville			Lower North Island	poly	452,584,344,567,358			Manahi Paewai												
38	Pōrangahau	Pōrangahau	Hawkes Bay	8	1.42	3.29	ChIJO_yngflAQm0RUPmiQ2HvAAU	ChIJZzHTJig_Qm0RArqBZ-D0sFQ			Porangahau			Lower North Island	circle	442,507,25			Henare Petua	Wi Huata			Taumata-whakatangihanga-koauauōtamatea-turipūkakapikimaunga-horonukupōkaiwhenua-kitānatahu								
39	Waipukurau	Waipukurau	Hawkes Bay	8	1.87	3.85	ChIJHxnPB78MQm0RgBWjQ2HvAAU	ChIJC2L9hK0SQm0Rv46ESVP7K5g			Waipukurau			Lower North Island	poly	358,512,350,470,467			Ru Kotua				Waipukurau								
40	Hastings	Heretaunga	Hawkes Bay	8	1.68	3.25	ChIJ64pTakhRaG0RGJmiQ2HvAAU	ChIJI3vVpVHsaW0RS9wFBORdkd8			Hastings			Lower North Island	poly	351,470,348,427,359			Te Matua-o-te-Rangi (Boy) Tomoana in Heretaunga												
41	Napier	Ahuriri	Hawkes Bay	8	1.74	3.54	ChIJmcqxT9bJaW0RUOiiQ2HvAAU	ChIJY-z07IEIaW0RqmyGD3ANN3o			Napier			Lower North Island	poly	348,427,359,423,389			Te Otane Reti	Boy Tomoana	Wi Huata										
42	Wairoa	Wairoa	Hawkes Bay	8	1.76	3.72	ChIJSwe1Oq-xaG0R4BWjQ2HvAAU	ChIJozOWtqG4aG0R_UUqDzC0vqk			Wairoa			Lower North Island	poly	436,314,416,304,376			Lena Manuel	Te Otane Reti	Wi Huata										
43	Māhia	Māhia	Hawkes Bay	8	1.67	3.39	ChIJbVhMMQ9qZm0RENyiQ2HvAAU				Mahia			Lower North Island	poly	497,287,501,286,512			John Tangiora												
44	Young Nick's Head	Te Kuri o Pāoa	East Coast	9	1.66	3.73					Young Nick's Head			Lower North Island	poly	448,252,484,201,498			Te Ohomauri (Jos) Stewart												
45	Te Karaka	Te Karaka	East Coast	9	1.76	3.51	ChIJAQIqSEfvZW0RYAujQ2HvAAU				Te Karaka			Lower North Island	poly	464,230,437,216,413			Tokorua Te Kani				Te Karaka								
46	Gisborne	Tūranga-nui-a-Kiwa	East Coast	9	1.98	3.78	ChIJl6ywQZzAZW0RB5miQ2HvAAU				Gisborne			Lower North Island	poly	485,199,506,181,511			Tokorua Te Kani												
47	Kaiti/Whangara	Kaiti/Whangara	East Coast	9	1.42	4.25					Kaiti	? ?		Lower North Island	poly	507,171,546,158,522			Tokorua Te Kani												
48	Tolaga Bay	Uawa	East Coast	9	1.4	3.13	ChIJl69hhXM3ZG0RkA-jQ2HvAAU	ChIJVzpCYT-1ZW0RcaAhk7LAaeo			Tolaga Bay			Lower North Island	poly	507,171,538,161,532			Apirana Tuahae Mahuika												
49	Tokomaru Bay		East Coast	9	1.71	3.87	ChIJ0SF4gHuyZW0RYA-jQ2HvAAU	ChIJzR9rb5utZW0R4HV99rCGzL4			Tokomaru Bay			Lower North Island	poly	532,127,473,147,450,132,459,96,482,100,529,77			Apirana Tuahae Mahuika												
50	East Cape		East Coast	9	1.23	2.95	ChIJYVcnAcaUZG0RwOuiQ2HvAAU				East Cape			Lower North Island	poly	459,96,482,100,529,77,525,9,452,31,471,52,469,74			Apirana Tuahae Mahuika												
51	Te Kaha/Cape Runaway		Eastern Bay of Plenty	10	1.7	4.22	ChIJr1r5xsJtZW0RUAujQ2HvAAU		ChIJDQ7O2BsjZW0RsOmiQ2HvAAU		Te Kaha			Lower North Island	poly	400,115,448,134,476,57432,14			Hemi Waenga												
52	Tōrere	Tōrere	Eastern Bay of Plenty	10	2.04	3.73	ChIJY5m8m4t_b20RABCjQ2HvAAU				Torere			Lower North Island	poly	449,132,436,158,367			Wiremu Kere Kere												
53	Ōpōtiki	Ōpōtiki	Eastern Bay of Plenty	10	1.37	3.2	ChIJL1sjwJOBZW0RCZmiQ2HvAAU	ChIJL1sjwJOBZW0RoKyiQ2HvAAQ			Opotiki			Lower North Island	poly	436,158,367,103,352,50,352,118,400,193			Tairongo Amoamo	Hemi Waenga											
54	Waimana	Waimana	Eastern Bay of Plenty	10	1.64	3.55	ChIJeXfB-QkQb20RsBOjQ2HvAAU	ChIJ2b_7cMgWb20Rbwb7KypsW4M			Waimana			Lower North Island	poly	362,168,378,158,411			Rex Hiakita												
55	Ruātoki	Ruātoki	Eastern Bay of Plenty	10	1.5	3.3	ChIJNVRAQLAbb20REOmiQ2HvAAU				Ruatoki			Lower North Island	poly	363,168,350,166,342			John Rangihau	Tawhao Tioke			Ruaatoki								
56	Ruatāhuna	Ruatāhuna	Eastern Bay of Plenty	10	1.23	3.31	ChIJBwcU7ekqb20RAOmiQ2HvAAU				Ruatahuna			Lower North Island	poly	355,225,381,215,411			John Rangihau				Ruatāhuna								
57	Waikaremoana	Waikaremoana	Eastern Bay of Plenty	10	1.54	3.74					Waikaremoana			Lower North Island	circle	405,270,30			John Rangihau												
58	Murupara	Murupara	Eastern Bay of Plenty	10	1.64	3.36	ChIJs5TOqZvPbm0RAOiiQ2HvAAU	ChIJ_3W4DZHVbm0RWd2l3ymUHvE			Murupara			Lower North Island	poly	359,329,313,311,325			John Henry Bird, QSO in Apa-hapai-taketake	Hirini Moko Mead											About 30 seconds into this track, at Kiorenui, a fly goes around the microphones. People listening on headphones often try to swat it away.
59	Edgecumbe/Whakatāne		Eastern Bay of Plenty	10	1.43	3.84	ChIJNV6it6T4bm0RAMGiQ2HvAAU		ChIJdwngI04Ab20RYBqjQ2HvAAU	ChIJ1fHLiXv7bm0R5tK9bqIi7ic	Edgecumbe			Lower North Island	poly	35,250,352,118,375,100			Euera Manuera	Hirini Moko Mead			Kawerau	Ohope	Whakatāne						
60	Matatā	Matatā	Bay of Plenty	11	1.22	2.79	ChIJhRqJ_ARfbm0REOKiQ2HvAAU				Matata			Central North Island	poly	625,346,655,359,632			Rawakata Perenara												
61	Waitahanui	Waitahanui	Bay of Plenty	11	0.2	2.17	ChIJB1q4ksbva20R8BWjQ2HvAAU				Waitahanui			Central North Island	poly	625,346,620,373,579			Koro Tawa												
62	Rotoiti North		Bay of Plenty	11	1.39	3.66					Rotoiti			Central North Island	poly	551,392,568,374,584	poly	96,257,195,259,195,285,138,280,131,299,110,310,86,286	Te Mata Morehu												
63	Rotoiti South/Ōkataina		Bay of Plenty	11	1.15	4.53					Rotoiti			Central North Island	circle	589,410,7	poly	195,285,195,311,183	Joe Malcolm in Tarawhai	Hiko Hohepa											
64	Tikitere/Te Ngae	Tikitere/Te Ngae	Bay of Plenty	11	1.29	4.04	ChIJ41_HWqaEbm0R0OaiQ2HvAAU				Tikitere			Central North Island	circle	114,315,28			Tukutahi Galvin												
65	Tarawera	Tarawera	Bay of Plenty	11	1.41	3.49	ChIJMdLp-ocWaW0RYCejQ2HvAAU				Tarawera			Central North Island	poly	585,415,636,404,622	poly	195,311,195,406,135,408,32,424,49,398,53,407,73,407,85,398,89,390,84,382,103,365,110,343,131,332,129,358,163,362	Autiti Wikiriwhi in Wahiao												
66	Reporoa	Reporoa	Bay of Plenty	11	0.45	2.6	ChIJgS99OGmvbm0R8P6iQ2HvAAU	ChIJZ61Vh62sbm0RKQ-W7jsa0p0			Reporoa			Central North Island	poly	622,453,585,438,585	poly	195,406,135,409,51,424,37,439,195,439	Kepa Tanirau												
67	Horohoro	Horohoro	Bay of Plenty	11	1.17	3.09	ChIJRToqCQsibG0RIM6iQ2HvAAU				Horohoro			Central North Island	poly	482,462,494,440,527	poly	10,429,51,424,37,439,10,439	Hepora (Sybil) Young												
68	Whakarewarewa	Whakarewarewa	Bay of Plenty	11	0.98	3.09	ChIJ1QDhGNWebm0RMBqjQ2HvAAU				Whakarewarewa			Central North Island	poly	84,382,89,390,85,398,73,407,53,407,49,398,61,386			Autiti Wikiriwhi in Wahiao				Whakarewarewa								
69	Rotorua	Rotorua	Bay of Plenty	11	1.1	2.99	ChIJK7L2gj2Ybm0RMZmjQ2HvAAU				Rotorua			Central North Island	circle	52,371,27	poly	58,352,102,338,115,346,78,398	Hiko Hohepa	John Rangihau			Rotorua								
70	Mokoia	Mokoia	Bay of Plenty	11	1.1	2.91	ChIJqYzMOCVxFW0RkCOjQ2HvAAU				Mokoia			Central North Island	circle	72,325,20			Tukutahi Galvin												
71	Ngongotahā	Ngongotahā	Bay of Plenty	11	1.46	3.65	ChIJ23VafWMobG0RMOuiQ2HvAAU				Ngongotaha			Central North Island	poly	498,419,527,403,527	poly	10,293,31,296,49,399,31,427,10,429	Mita Mohi												
72	Hamurana	Hamurana	Bay of Plenty	11	1.3	3.17	ChIJz7UIMMAvbG0R4MmiQ2HvAAU				Hamurana			Central North Island	poly	498,419,527,403,527	poly	10,259,97,259,86,286,33,294,10,294	Mita Mohi												
73	Maketū	Maketū	Bay of Plenty	11	1.55	3.5	ChIJG-c-ln5lbm0RAN2iQ2HvAAU				Maketu			Central North Island	poly	566,351,572,341,571			Tomairangi Kameta												
74	Te Puke	Te Puke	Bay of Plenty	11	1.42	3.24	ChIJvSipJyR5bm0RQAyjQ2HvAAU	ChIJpXGRCeB-bm0RtjI2Yz30hv4			Te Puke			Central North Island	poly	566,351,572,341,571			Wiremu Kepa (Sasu) Wihapi												
75	Motiti	Motiti	Bay of Plenty	11	1.2	3.13					Motiti			Central North Island	circle	585,291,25			Eddie Matehaere												
76	Tauranga	Tauranga	Bay of Plenty	11	1.32	3.26	ChIJ5WTUe-d2bm0RJpmjQ2HvAAU	ChIJ_byVJSvFbW0RnfrNhRsiGsY			Tauranga			Central North Island	poly	564,315,547,344,503			Wiremu Ohia	Wiremu Kepa (Sasu) Wihapi			Tauranga								
77	Mayor Island		Bay of Plenty	11	0.13	2.31					Mayor Island			Central North Island	rect	551,202,593,218			Vic Wilson												
78	Waihi Beach		Bay of Plenty	11	1.44	3.77	ChIJvTcus7KSbW0RcBKjQ2HvAAU				Waihi Beach	?		Central North Island	poly	482,247,487,260,501			Wharengaio (Bill) Pio Tutengaehe												
79	Waihi	Waihi	Coromandel	12	0.34	2.53	ChIJaSre5wKObW0RkBKjQ2HvAAU				Waihi	?		Central North Island	poly	468,247,468,222,489			Huhurere Tukukino												
80	Whangamatā	Whangamatā	Coromandel	12	0.47	2.52	ChIJvXBDrUZ2cm0RsBqjQ2HvAAU	ChIJF7X8LF92cm0RS-0iVC4IqPY			Whangamata			Central North Island	poly	467,221,489,213,489			Huhurere Tukukino	Te Aue Davis											
81	Mercury Bay	Te-Whanganui-o-Hei	Coromandel	12	0.68	2.81					Mercury Bay			Central North Island	poly	489,163,469,161,459,155,450,145,447,90,502,32,502,71			Te Aue Davis												
82	Kennedy Bay	Harataunga	Coromandel	12	1.54	2.53	ChIJTTBSLbb5cm0RwNSiQ2HvAAU				Kennedy Bay			Central North Island	poly	430,48,437,60,467,48,467,22,441,22			Pakariki Harrison												
83	Cape Colville		Coromandel	12	1.18	3.57					Cape Colville			Central North Island	poly	437,33,430,48,411,55,392,25,409,15			Huhurere Tukukino	Tai Turoa	Te Aue Davis										
84	Coromandel		Coromandel	12	0.27	2.28	ChIJCbViPKbxcm0R0L2iQ2HvAAU				Coromandel			Central North Island	poly	411,55,430,48,437,60,460,50,465,69,447,90,447,125,410,131			Huhurere Tukukino												
85	Thames		Hauraki	13	1.15	3.23	ChIJw_NF2MqAcm0RQA2jQ2HvAAU				Thames			Central North Island	poly	410,131,447,125,450			Huhurere Tukukino												
86	Paeroa	Paeroa	Hauraki	13	1.66	3.64	ChIJASRRbr-cbW0RUPOiQ2HvAAU	ChIJeYv9E2OEbW0R9ay7blxO8nQ			Paeroa			Central North Island	poly	421,208,452,248,474			Huhurere Tukukino												
87	Hauraki Plain		Hauraki	13	1.29	3.58	ChIJJ_ElQ4E3DW0RgMqiQ2HvAAU				Hauraki Plain			Central North Island	poly	421,208,452,248,395			Huhurere Tukukino	Molly Hotene											
88	Miranda		Hauraki	13	1.16	2.97	ChIJOZRnZSpgbW0RQNeiQ2HvAAU				Miranda			Central North Island	poly	371,212,382,205,383			Mere Nutana Taka												
89	Hūnua	Hūnua	Hauraki	13	1.61	3.43	ChIJDQJ8de-lcm0REM-iQ2HvAAU				Hunua			Central North Island	poly	383,162,351,167,347			Turoa Royal												
90	Piopio	Piopio	King Country	14	1.05	2.53	ChIJK1sW2ZurbG0R0PeiQ2HvAAU	ChIJ7yURVxBTE20RoAoy1nnBkx8			Piopio			Central North Island	poly	222,512,236,427,272			Rapata Emery	Rapata Crown											
91	Benneydale		King Country	14	1.44	3.61	ChIJdxpOvuGCbG0RMLaiQ2HvAAU				Benneydale			Central North Island	poly	338,472,332,499,338			Rapata Emery												
92	Te Kuiti	Te Kuiti	King Country	14	1.15	2.85	ChIJGw1mRwK6bG0RsAujQ2HvAAU	ChIJkzeNZ5m8bG0RUu1mlsfSpS4			Te Kuiti			Central North Island	poly	384,441,330,420,316			Rapata Emery												
93	Waitomo	Waitomo	King Country	14	1.06	3.03	ChIJA5pCFbK3bG0RsBajQ2HvAAU				Waitomo			Central North Island	poly	236,427,272,428,315			Rapata Emery	Rapata Crown											
94	Waipa (Otorohanga)	Waipa (Otorohanga)	King Country	14	1.16	3.22		ChIJpQV58G4ebW0R0K2iQ2HvAAQ	ChIJ52kyTmDAbG0RQPKiQ2HvAAU	ChIJrzZSIYe_bG0R3gOJvEesBY0	Waipa			Central North Island	poly	330,420,332,402,316			Rapata Emery												
95	Kāwhia/South Aotea		Waikato	15	1.37	4.25					Kawhia			Central North Island	poly	254,399,254,383,288			Hoani Apiti	Rapata Crown											
96	North Aotea/Raglan/Whatawhata		Waikato	15	1.08	4.6	ChIJbYj2GaEqE20RUPyiQ2HvAAU		ChIJ-WtDH9wlbW0RwBujQ2HvAAU		Raglan			Central North Island	poly	328,357,343,308,322			Tawhi Kingi	Rangi Skinner											
97	Mangakino	Mangakino	Waikato	15	1.54	3.61	ChIJtyIaeUZ5bG0RwN2iQ2HvAAU	ChIJvxAHDUZ5bG0R4IMuuAV_C6k			Mangakino			Central North Island	poly	427,478,394,436,444			Major Meihana in Tamatea Pokai Whenua												
98	Tokoroa	Tokoroa	Waikato	15	1.47	3.43	ChIJSSJFl6RBbG0RgA-jQ2HvAAU	ChIJC_5cAL9qbG0RUK8Rfq5NpXU			Tokoroa			Central North Island	poly	444,414,466,465,483			Frazer te Hiko												
99	Putaruru	Putaruru	Waikato	15	1.49	3.46	ChIJ56GTgC1PbG0RwPuiQ2HvAAU	ChIJJdnTpiJFbG0Rne48ZrJPGJs			Putaruru	????		Central North Island	poly	434,417,433,397,437			Haki Thompson												
100	Morrinsville		Waikato	15	1.31	3.07	ChIJj88Q1TgIbW0RoOWiQ2HvAAU	ChIJz6HIXJAMbW0Rn102fUaS5Ng			Morrinsville			Central North Island	poly	437,354,469,309,452			Punia (Molly) Hotene	Haki Thompson											
101	Maungatautari	Maungatautari	Waikato	15	1.88	4.2	ChIJeVt9E8f4bG0R8OCiQ2HvAAU				Maungatautari			Central North Island	poly	434,417,433,397,437			Pukerau Rangitutea in the porch of Hoturoa												
102	Te Awamutu	Te Awamutu	Waikato	15	1.33	3.42	ChIJqXngaTvnbG0R8AqjQ2HvAAU	ChIJXwi5BzvAbG0R6dHN8mJQYhU			Te Awamutu			Central North Island	poly	330,360,333,345,390			Tupa te Pahau (Jim) Turner	Peter Keremeta											
103	Hamilton	Kirikiriroa	Waikato	15	1.35	3.36	ChIJITamh3QibW0RA5miQ2HvAAU	ChIJ6ZS4CTkhbW0RNJzNRanel6s			Hamilton			Central North Island	poly	333,345,390,357,405			Rangiwhakaewa Skinner	Binga Haggie											
104	Ngāruawāhia	Ngāruawāhia	Waikato	15	1.4	3.9	ChIJ29WJlI86bW0RwOqiQ2HvAAU				Ngaruawahia			Central North Island	poly	344,307,376,302,395			Binga Haggie												
105	Huntly	Rahui-Pōkeka	Waikato	15	0.89	2.68	ChIJo_qgev9HbW0R4M6iQ2HvAAU	ChIJ3apuP9xJbW0RY1U9LH9Qqas			Huntly			Central North Island	poly	333,289,323,278,328			Johnson Huiarangi Kenny	Binga Haggie											
106	Rangiriri	Rangiriri	Waikato	15	1.41	3.52	ChIJS80Wn6RFbW0RMP2iQ2HvAAU				Rangiriri			Central North Island	poly	328,247,359,247,381			Johnson Huiarangi Kenny												
107	Waikato Mouth		Waikato	15	1.32	3.68					Waikato Mouth			Central North Island	poly	291,272,278,191,335			Jim Kaihau	Mere Taka	Rameka Cope										
108	South Manukau Head		Waikato	15	1.35	3.87					South Manukau			Central North Island	poly	278,191,322,163,313			Jim Kaihau	Mere Taka											
109	Bombay to Manurewa		Auckland	16	1.01	3.39	ChIJK8jEEPmpcm0RoLeiQ2HvAAU				Bombay			Auckland and Northland	poly	364,630,372,652,388			Rangi Ngangana Motu	Rameka Cope			Manurewa								
110	Whitford/Howick		Auckland	16	0.74	3.15	ChIJH6OvQXq0cm0RIByjQ2HvAAU		ChIJYbqZByNLDW0RgM6iQ2HvAAU		Whitford			Auckland and Northland	poly	396,626,382,620,371			Rangi Ngangana Motu												
111	Waiheke Island		Auckland	16	0.78	3.06		ChIJtTlAx5bIcm0RO5lfd16-hzc			Waiheke Island			Auckland and Northland	circle	415,579,21			Hira Kahi				Waiheke								
112	Inner Gulf Islands		Auckland	16	1.06	3.69					Inner Gulf Islands			Auckland and Northland	rect	364,550,403,586			Maurice Wilson in Te Puru o Aorere												
113	Barrier Islands		Auckland	16	1.33	4.03					Barrier Islands			Auckland and Northland	circle	379,482,10			Gordon Ponga Kingi Davis												
114	South Auckland		Auckland	16	1.18	3.72					South Auckland			Auckland and Northland	circle	453,449,50			Rangi Ngangana Motu				Māngere								
115	Auckland Isthmus (Ancient)		Auckland	16	1.28	4.55					Auckland			Auckland and Northland	poly	364,630,382,620,371			Rangi Ngangana Motu	Naida Pou			Tāmaki makau rau	Waitematā							Auckland has a rich vein of historial names that are no longer current, or have been modified over time. Thus it became useful to divide it into "ancient" (to approximately the mid-19th century) and "modern".
116	Auckland Isthmus (Modern)		Auckland	16	1.17	4.19					Auckland			Auckland and Northland	poly	329,609,322,583,383			Naida Rangimarie Pou	Hone Turei	Maehe Nikora		Maungakiekie								
117	West Auckland		Auckland	16	1.33	3.65					West Auckland			Auckland and Northland	poly	329,609,322,583,310			Haki Wihongi	Rameka Cope											
118	North Manukau Head		Auckland	16	1.05	3.6	ChIJcSNa-WNnDW0R0MqiQ2HvAAU				North Manukau			Auckland and Northland	poly	279,582,298,598,302			Haki Wihongi												
119	North Shore		Auckland	16	1.14	3.38					North Shore			Auckland and Northland	poly	339,582,336,563,331			Maurice Wilson in Te Puru o Aorere												
120	Helensville		Auckland	16	1.49	3.54	ChIJi56ihmgQDW0RQMuiQ2HvAAU	ChIJX2ybWJgGDW0RFkzsGLU9ELw			Helensville			Auckland and Northland	poly	339,582,336,563,331			Naida Rangimarie Pou	Hemi Konore	Rameka Cope										
121	Silverdale		Auckland	16	1.32	3.63	ChIJtWshBX4kDW0RoAOjQ2HvAAU	ChIJuxCSK70jDW0Rgt8IjuJC_cE			Silverdale			Auckland and Northland	poly	331,551,362,554,386			Hemi Konore	Naida Pou											
122	Warkworth/Wellsford		Auckland	16	1.19	3.88	ChIJCzC-xvTeDG0RMBijQ2HvAAU	ChIJY1SkmK3fDG0Rmxr-d0MEUc8	ChIJF4tbcBPvDG0REBmjQ2HvAAU	ChIJ25u6HMHuDG0R76JwFIA6Jeo	Warkworth			Auckland and Northland	poly	322,503,316,488,298			Hemi Konore												
123	Brynderwyn/Waipū		Northland	17	1.23	3.36	ChIJq-fuaZqSDG0RsL6iQ2HvAAU		ChIJd181mhOXDG0RcBWjQ2HvAAU		Brynderwyn			Auckland and Northland	poly	338,423,273,462,265			Hemi Konore												
124	Dargaville	Takuira	Northland	17	1.06	3.26	ChIJP8ZhYqRyDG0RIL-iQ2HvAAU	ChIJ8WKUoZgIDG0RZoAeSOS_tCU			Dargaville			Auckland and Northland	poly	265,410,252,367,232			Mere Toia	Hohepa Toia	Sam Toia										
125	Donnelly's Crossing		Northland	17	1.13	3.73	ChIJ18MfB6z-C20R0L6iQ2HvAAU				Donnelly's Crossing			Auckland and Northland	poly	174,353,198,324,179			Mere Toia	Hohepa Toia	Hohepa Toia	Rameka Cope									
126	South Hokianga		Northland	17	1.22	3.53					South Hokianga			Auckland and Northland	poly	179,287,136,292,122			Hoana Rapatini												
127	Kaikohe	Kaikohe	Northland	17	1.05	3.16	ChIJE-43brXpC20R4NCiQ2HvAAU	ChIJS8KhaVzmC20RTO_D5Vgqqpw			Kaikohe			Auckland and Northland	poly	195,251,231,273,245			Hoana Rapatini												
128	Whangarei	Whangarei	Northland	17	1.3	3.48	ChIJxxBrTpyCC20RJ5mjQ2HvAAU	ChIJ5TI2uDqHC20RFSBO14JLnOA			Whangarei			Auckland and Northland	poly	232,327,245,300,340			Rev Hare Te Raharaha Kake	Hemi Konore	Hoana Rapatini		Ngunguru	Whāngārei							
129	Islands off Bream Head		Northland	17	1.14	4.93					Bream Islands			Auckland and Northland	rect	347,253,395,388			the Rev Hare Te Raharaha Kake	Rameka Cope											
130	Tōwai	Tōwai	Northland	17	1.44	3.27	ChIJk7MUwaKZC20RcLiiQ2HvAAU				Towai			Auckland and Northland	poly	245,300,322,282,309			Tupi Puriri	Rameka Cope											
131	Bay of Islands		Northland	17	1.23	3.48					Bay of Islands			Auckland and Northland	poly	231,273,195,251,176			Tupi Puriri	Rameka Cope			Kororāreka	Waitangi							
132	Whangaroa	Whangaroa	Northland	17	1.33	3.58	ChIJK9U_86vSC20RIDSjQ2HvAAU				Whangaroa			Auckland and Northland	circle	179,175,29			Tarawau Kira												
133	North Hokianga		Northland	17	1.11	3.52					North Hokianga			Auckland and Northland	poly	176,242,189,220,182			Joe Toki	Raureti Harris	Bob Harris										
134	Herekino/Broadwood		Northland	17	1.12	3.2	ChIJqTgzPaAUCW0RsMuiQ2HvAAU		ChIJeQ8SzGdvCW0RcLGiQ2HvAAU		Herekino			Auckland and Northland	poly	109,248,128,229,132,201,111,192,81,203			Bob Harris	Ross Gregory											
135	Kaitāia	Kaitāia	Northland	17	1.56	3.81	ChIJ7QDSfUl3CW0RsNGiQ2HvAAU	ChIJvR-oJAGlCW0RFrgg3tgZWIc			Kaitaia			Auckland and Northland	poly	132,201,111,192,81,203,58,181,150,157,156,188			Ross Gregory	Merimeri Penfold			Ahipara								
136	Karikari Peninsula		Northland	17	1.32	3.95	ChIJBeScaFyaCW0RQNOiQ2HvAAU				Karikari Peninsula			Auckland and Northland	poly	150,157,156,188,142,101,109,116,109,150,86,159,87,173			Ross Gregory												
137	The Far North		Northland	17	1.43	3.68					Far North District			Auckland and Northland	poly	109,116,109,150,86,159,0,19,0,0,82,0			Pineaha Murray	Merimeri Penfold in Tane Nui a Rangi	Ross Gregory		Te Rēinga								
138	Overseas		Other	18	1.51	3.98					Overseas			Auckland and Northland					Maehe P H Nikora												
139	Addenda		Other	18	1.48	3.68					Addenda			Auckland and Northland					Maaka Jones	Tukawekai Kereama	Maehe P H Nikora	Naida Pou	Kia ora! spoken by Naida Glavish who as a telephone operator in 1984 was forbidden to say it								
140	Golden Bay		Top of the South	19	1.1	3.71					Golden Bay			Northern and Eastern South Island	poly	183,0,183,74,197,57,229,91,277,47,277,0			Hannah Moari Meihana	Tom Bailey											
141	Motueka	Motueka	Top of the South	19	0.8	3.37	ChIJ2WZanzCBO20R8I95hIbvAAU	ChIJS87ygUR_O20RGz5CHwL5iQk			Motueka			Northern and Eastern South Island	poly	277,47,229,91,232,117,241,139,261,133,266,117,264,93,274,81			Tom Bailey				Motueka								
142	Murchison		Top of the South	19	0.97	3.73	ChIJ07k1ZwfOOm0RsJF5hIbvAAU	ChIJzehLivjGOm0RiZo3OhF8tHM			Murchison			Northern and Eastern South Island	poly	261,133,241,139,232,117,217,140,213,164,241,208,283,142,			Malcolm Hoskins	Kath Hemi											
143	Nelson	Whakatū	Top of the South	19	0.6	3.27		ChIJfS63kcTsO20RgKSW54jvAAo			Nelson			Northern and Eastern South Island	poly	261,133,266,117,264,93,274,81,310,70,329,90,329,113,283,142			Turi Elkington				Tāhuna(nui)								
144	Western Sounds		Top of the South	19	0.55	5.79					Western Sounds			Northern and Eastern South Island	poly	310,70,351,0,382,53,329,90			Turi Elkington	Kath Hemi											
145	Eastern Sounds		Top of the South	19	1	6.46					Eastern Sounds			Northern and Eastern South Island	poly	382,53,329,90,329,113,400,79,400,39			Island Love	Kath Hemi	Turi Elkington										
146	Blenheim	Waiharakeke	Top of the South	19	1.05	3.6		ChIJvWnigAAOOW0RMKWW54jvAAo			Blenheim			Northern and Eastern South Island	poly	329,113,400,79,400,121,362,185,355,168,343,177,308,150,283,142			Kath Hemi	Bill Solomon	Lee Luke										
147	Kaikōura/Hanmer		East Coast	20	0.35	4.12	ChIJdXyRNDogOm0RNpl5hIbvAAU	ChIJHytxyRMDOm0RjdnSn7ydFGI			Kaikoura		Hurunui River	Northern and Eastern South Island	poly	362,185,355,168,343			Bill Solomon in Maru Kaitatea	Auntie Jane Manahi			Kaikōura	Tapuwae-ō-Uenuku							
148	North Canterbury		East Coast	20	1.05	3.77					North Canterbury			Northern and Eastern South Island	poly	185,266,250,283,322			Auntie Jane Manahi	Bill Solomon											
149	Kaiapoi	Kaiapoi	East Coast	20	0.51	3.41	ChIJA29BpGeRMW0RkHp5hIbvAAU				Kaiapoi	?	Waimakariri River	Northern and Eastern South Island	poly	313,332,248,330,232			Auntie Jane Manahi				Kaiapoi								
150	Christchurch		East Coast	20	0.46	2.83	ChIJAe3FY0gvMm0RRZl5hIbvAAU	ChIJPW-wzMsEMm0RjCZ0-SKkKvs			Christchurch			Northern and Eastern South Island	poly	250,359,255,374,267			Rakiihia Tau	Maurice Gray			Aranui	Hei Hei	Ōtautahi	Papanui	Waimairi	Waimakariri	Wainoni	Wharenui	
151	Lyttelton		East Coast	20	1.07	2.69	ChIJwXdzfysmMm0RwIV5hIbvAAU	ChIJu_SAEjAkMm0RpeolvPbkswg			Lyttelton			Northern and Eastern South Island	poly	267,381,273,369,280			Rakiihia Tau	Maurice Gray											
152	Akaroa	Akaroa	East Coast	20	0.57	3.11	ChIJE95FCQrMM20RoFp5hIbvAAU	ChIJuymCstDNM20RJ1ywyiTlDFU			Akaroa			Northern and Eastern South Island	poly	300,373,315,373,315			Mahia Whatarau-Tainui (with Henry Robinson)	Maurice Grey	Maarire Goodall										
153	Selwyn		East Coast	20	1.14	3.79		ChIJJyEeGYkWLm0REFZ5hIbvAAQ			Selwyn		Rakaia River	Northern and Eastern South Island	poly	243,411,134,331,152,309,172,299,255,357,250,359.255,374,267,381,267,407			Rakiihia Tau	Maurice Grey	Maarire Goodall										
154	Ashburton/Temuka	Hakatere/Temuka	East Coast	20	0.69	4.37	ChIJS83OBmQxLG0RQJl5hIbvAAU	ChIJu3FFFXQwLG0RP74_TpmSJRc			Ashburton		Opihi River	Northern and Eastern South Island	poly	243,411,134,331,91,371,110,409,110,450,170,469			Jack Reihana	Kelly Davis	Maarire Goodall	Maurice Grey	Rākaia	Rangitata	(Te Umu Kaha) Temuka						
155	Timaru	Timaru	East Coast	20	1.12	3.72	ChIJ78dhY4ljLG0ROZl5hIbvAAU	ChIJk6-NTj25LG0RHfLcZDeC9OQ			Timaru		Makikihi River	Northern and Eastern South Island	poly	110,450,170,469,170			Kelly Davis	Jack Reihana			Tīmaru								
156	Waimate	Waimate	East Coast	20	0.04	2.59	ChIJ8yh-_olTK20RIpl5hIbvAAU	ChIJaaag6_f6KagRWUlkh2xB42U			Waimate		Hakataramea River	Northern and Eastern South Island	poly	170,508,147,508,124			Kelly Davis												
157	McKenzie Country		East Coast	20	0.87	3.83					Mackenzie District		Waitaki River	Northern and Eastern South Island	poly	108,530,79,504,28,520,16,456,34,447,69,392,91,371,110,409,110,450,110,468,124,500			Kelly Davis	Maarire Goodall											
158	Ōāmaru	Ōāmaru	Otago	21	0.59	2.72	ChIJeQZQVPd1KagR4O95hIbvAAU	ChIJXUmjr92IKagRjA2eonFLFQw			Oamaru	oa ?		Southern and Western South Island	poly	249,459,290,456,329			Aunt Magda Walscott	Tatane Wesley in Tamatea	Maarire Goodall		Ōāmaru	Waitaki							
159	Palmerston		Otago	21	0.94	3.5	ChIJT-m6UaNoKagRMJ55hIbvAAU	ChIJs2zKOo7XK6gRk2CPFYJ8MVY			Palmerston			Southern and Western South Island	poly	269,471,361,551,346			Aunt Magda Walscott												
160	Dunedin		Otago	21	0.51	2.73	ChIJPVFfD-DkK6gRQZl5hIbvAAU	ChIJITL5p_esLqgRT2z-nylGqs8			Dunedin		Taiari River	Southern and Western South Island	poly	346,571,326,575,307			Aunt Magda Walscott	Tatane Wesley	Maarire Goodall		Māori (Hill)	Ōtākau	Waikouaiti						
161	South Otago		Otago	21	0.69	3.57					South Otago		Clutha River	Southern and Western South Island	poly	319,631,300,665,255			Aunt Magda Walscott	Tatane Wesley	Huata Holmes										
162	Wānaka/Hāwea	Wānaka/Hāwea	Southern Lakes	22	0.82	5.77	ChIJby3suR1G1akR4MF5hIbvAAU	ChIJkb6bG-gy1WwRMq4EtYfg8IY			Wanaka			Southern and Western South Island	poly	154,464,225,400,237			Aunt Magda Walscott	Tatane Wesley	Maarire Goodall		Hāwea	Wānaka							
163	Wakatipu	Wakatipu	Southern Lakes	22	0.97	3.65					Wakatipu			Southern and Western South Island	poly	154,464,196,522,225			George Te Au	Maarire Goodall			Kawarau	Whakatipua-wai-māori (Wakatipu)							
164	Manapōuri/Te Anau	Manapōuri/Te Anau	Southern Lakes	22	0.88	4.62	ChIJd73ufdgJ1KkRoId5hIbvAAU		ChIJa15mlSBt1KkRULR5hIbvAAU	ChIJFT6ScnCC1qkRKUDPLWMVrOg	Te Anau	o / ?		Southern and Western South Island	poly	123,515,133,550,151,573,127,613,103,630,86,661,64,617,67,572,81,539,106,515			George Te Au				Manapōuri	Te Anau							
165	Gore/Eastern Southland		Southland	23	0.5	1.19	ChIJeVm-nHLMLKgRNZl5hIbvAAU	ChIJb92BGwK3LKgR079L783dc0o			Gore			Southern and Western South Island	poly	175,577,230,560,235			Paddy Gilroy (with George Te Au)	Huata Holmes											
166	Invercargill/Central Southland	Waihopai/	Southland	23	0.56	4.73	ChIJ12kUrJTE0qkRIKSW54jvAAo	ChIJ0cDkEhHS0qkRApCm_mq2eU0			Invercargill			Southern and Western South Island	poly	195,715,195,680,203			George Te Au				Ōreti	Ōtātara							
167	Western Southland		Southland	23	0.82	3.97					Southland		Foveaux Strait	Southern and Western South Island	poly	127,613,135,629,135,670,139,715,95,692,86,661,103,630			George Te Au												
168	Ruapuke	Ruapuke	Southland	23	1.01	3.45					Ruapuke			Southern and Western South Island	rect	187,715,235,741			George Te Au												
169	Stewart Island	Rakiura	Southland	23	0.84	3.79	ChIJFYrtD8dvzakR4K95hIbvAAU				Stewart Island			Southern and Western South Island	poly	133,732,157,732,178			George Te Au	Huata Holmes											
170	Muttonbird Islands		Southland	23	0.7	3.7					Muttonbird Islands			Southern and Western South Island	rect	110,817,197,737			George Te Au												
171	Southern Islands		Southland	23	0.69	3.87					Southern Islands			Southern and Western South Island	poly	0,817,63,707,105,817			George Te Au	Maui Pomare	Huata Holmes										
172	Fiordland		West Coast	24	0.39	1.4	ChIJi4cw9Jar1qkRwG15hIbvAAU				Fiordland			Southern and Western South Island	poly	86,661,95,692,0,692,0,609,102,450,133,479,123,515,106,515,81,539,67,572,64,617			George Te Au	Maika Mason	Huata Holmes										
173	South Westland		West Coast	24	1.12	4.01					South Westland			Southern and Western South Island	poly	102,450,133,479,154			Maika Mason (Poutini Ngai Tahu)	Maarire Goodall			Hokitika								
174	Grey		West Coast	24	0.88	3.36					Grey			Southern and Western South Island	poly	326,219,371,252,398			Maika Mason												
175	North Westland		West Coast	24	0.7	3.65					North Westland			Southern and Western South Island	poly	338,187,334,118,399,13,435,48,435,72,414,112,421,131,410,143,390,129,359,154			Maika Mason				Inangahua	Ngíkawau							
176	Chatham Islands (Ancient)		Chatham Islands	25	0.94	5.84		ChIJM-fHqWXos3IRiC_KQFZExk8			Chatham Islands			Southern and Western South Island	rect	128,47,247,169			Charles Solomon				Rekohu								The "ancient" list is intended to be of Moriori names. They are spoken by Charles Solomon, son of the last "full-blooded" Moriori. He did not, however speak the Moriori language.
177	Chatham Islands (Modern)		Chatham Islands	25	0.36	2.01		ChIJM-fHqWXos3IRiC_KQFZExk8			Chatham Islands			Southern and Western South Island	rect	128,47,247,169			Maui Pomare				Wharekauri								The "modern" list is of current Māori names, dating from 1835.